"Date and Time,""Merchant ID"",""Merchant Name"",""Transaction Type"",""Payment Channel"",""Ayolinx Transaction ID"",""Partner Refference Number"",""Transaction Amount"",""Admin Fee"",""VAT Type"",VAT(11%),""Transaction Settled"",""Transaction Status"",""Settlement Status"",""Merchant Transaction ID"",""Merchant Refference Number"",""Shop ID"",""Settlement Type"",""Create Time"""
"07-06-2026 23:59:59,627,""PT  Langit Karya Utama"",""Open API"",""BNC QRIS"",681cbbbb5eab429fb172143fd60e0e05,000303769724,19999.00000000,126.10000000,Include,13.900000,19859,Success,Settled,PAYIN45443431841726877455721450,Mty29oVFvzPdKhSAYiDBjbUnkcNQmpfau3W8eREJ74H6LZCr5xwXq4WQMZjHJpVX,,Sameday,""2026-06-08 00:00:00"""
"07-06-2026 23:59:59,627,""PT  Langit Karya Utama"",""Open API"",""BNC QRIS"",7d61891625d447b2b5fe34e60b05bffa,000303769738,25000.00000000,157.70000000,Include,17.300000,24825,Success,Settled,PAYIN45443397088982222482347608,D2BdjqurvzsNoGmkbFZW3MyTQwx7ahYtSL5gce9VJ4HinPXC8UfR64WQMZjW2ZYr,,Sameday,""2026-06-08 00:00:00"""
"07-06-2026 23:59:59,627,""PT  Langit Karya Utama"",""Open API"",""BNC QRIS"",81422c07973e4b15864f16025917059e,1p84b0w13768,39000.00000000,245.90000000,Include,27.100000,38727,Success,Settled,PAYIN45443428013585619500002974,3a4pxdbiVnEkszBPwyCu8TcomQLrK5SDh2He7XfFjUWAZq6YJvtN94WQMZkdPbVp,,Sameday,""2026-06-08 00:00:00"""
"07-06-2026 23:59:59,627,""PT  Langit Karya Utama"",""Open API"",""BNC QRIS"",a83fecb4b7d840a4bde4e74163ca9528,1p84b0o56560,100000.00000000,630.60000000,Include,69.400000,99300,Success,Settled,PAYIN45443391317619922338989960,Ej2YMXZxAGr9gLamFbPtvuJRDwcQTWkze4V7p3UfCoB5KNSdy6nqs4WQMZkeaY2K,,Sameday,""2026-06-08 00:00:00"""
"07-06-2026 23:59:59,627,""PT  Langit Karya Utama"",""Open API"",""BNC QRIS"",96cbf7bb70a842a78df1f285073e2f34,1p84b0688491,100000.00000000,630.60000000,Include,69.400000,99300,Success,Settled,PAYIN45443424692116287153034559,hvSbXZsz2yNnGrg4dkjQi6D5aLFK7BJ398VCoAtWqfUHmcRpMEYTe4WQMZmxg57s,,Sameday,""2026-06-08 00:00:00"""
"07-06-2026 23:59:59,627,""PT  Langit Karya Utama"",""Open API"",""BNC QRIS"",c84587c077aa45668611822cec0c9bdf,1p84b0n41449,20000.00000000,126.10000000,Include,13.900000,19860,Success,Settled,PAYIN45443406902814723125491168,LZ2NJHPBcoWpeVs6wfmaKnA8M5ujt3FkGg7yivShUrTDYEQzbR94C4WQMZn2rFQg,,Sameday,""2026-06-08 00:00:00"""
"08-06-2026 00:00:00,627,""PT  Langit Karya Utama"",""Open API"",""BNC QRIS"",bfa2aa088ac34080ad62662ad50a460a,1p84b0l52063,50000.00000000,315.30000000,Include,34.700000,49650,Success,Settled,PAYIN45443417891471776085571914,dcEyt5UVNXPBZL9khbeQSrMDpvjRuHi8W4fw7z3gAmaGF6o2TxKqn4WQMZn3eYUX,,Sameday,""2026-06-08 00:00:00"""
"08-06-2026 00:00:00,627,""PT  Langit Karya Utama"",""Open API"",""BNC QRIS"",422c018993ee4d38ab1e851390e00b0e,1p84b0v18421,40000.00000000,252.30000000,Include,27.700000,39720,Success,Settled,PAYIN45443429504660696118347933,AwS2HnB6JmaFEGV8bTocq5Nv4jCiYXUQDRzLes3MpfhydKu9k7xrP4WQMZn82fHq,,Sameday,""2026-06-08 00:00:00"""
"07-06-2026 23:59:59,627,""PT  Langit Karya Utama"",""Open API"",""BNC QRIS"",5772ade0cf1a48138204862a7296db1a,000303769757,500000.00000000,3153.20000000,Include,346.800000,496500,Success,Settled,PAYIN45443430609440359550806929,PJAmL8cSR6EtwkgGr9xBj2h4azyTVY7KnfdvCHQsUWeFuNoMDpb5X4WQMZn82gG2,,Sameday,""2026-06-08 00:00:00"""
"07-06-2026 23:59:59,627,""PT  Langit Karya Utama"",""Open API"",""BNC QRIS"",26d4f5758546463680a2b913e8bd6451,1p84b0h80944,100000.00000000,630.60000000,Include,69.400000,99300,Success,Settled,PAYIN45443430361557002806284244,U8YimKd49CGE7FPxtpkSLQWrgjTHAZM2VvBacbJunzhoNRe5f63Dw4WQMZn82gB6,,Sameday,""2026-06-08 00:00:00"""
"07-06-2026 23:59:59,627,""PT  Langit Karya Utama"",""Open API"",""BNC QRIS"",22d6aff7561c41ffa8b38b70b1f9b4d2,000303769831,50000.00000000,315.30000000,Include,34.700000,49650,Success,Settled,PAYIN45443428922491294076220527,2Thep3oWVCyNAMaZPdQGUcnf7mu9bEKBxzHvkwJRSDi8Xj5gq6FtL4WQMZn8RKfV,,Sameday,""2026-06-08 00:00:00"""
"08-06-2026 00:00:00,627,""PT  Langit Karya Utama"",""Open API"",""BNC QRIS"",032334e8b803447b9a0ee14d72672ece,000303769846,50000.00000000,315.30000000,Include,34.700000,49650,Success,Settled,PAYIN45443429518082458481768578,kRTnQc3vZBudLwzCmJGeVjNEfpyqSb984Xt6F5WiMPKo2HsDxa7hY4WQMZn9cH9Y,,Sameday,""2026-06-08 00:00:00"""
"08-06-2026 00:00:00,627,""PT  Langit Karya Utama"",""Open API"",""BNC QRIS"",0947c16d40304f7e8d7e38c1b4b2135f,1p84b0o56564,25000.00000000,157.70000000,Include,17.300000,24825,Success,Settled,PAYIN45443434936284373795875865,RtpA5NKv6CcJ8gm29frqbkTHXnU3DSha4euZojMiWBGYVQw7LzsPx4WQMZnDC7Pw,,Sameday,""2026-06-08 00:00:00"""
"08-06-2026 00:00:00,627,""PT  Langit Karya Utama"",""Open API"",""BNC QRIS"",bc3cab240db04b61b188291391da3aff,1p84b0997092,50000.00000000,315.30000000,Include,34.700000,49650,Success,Settled,PAYIN45443427769477122614857741,cvMdDFiUnQBb63AaXfKN5JrepyGtgu7CVL4mYPHo2kRjTs98Shzwq4WQMZnrY3ru,,Sameday,""2026-06-08 00:00:00"""
"08-06-2026 00:00:00,627,""PT  Langit Karya Utama"",""Open API"",""BNC QRIS"",adfc86db89d9498cab3b21f4a94d057a,010000HY00M9,1000000.00000000,6306.30000000,Include,693.700000,993000,Success,Settled,PAYIN45443411645733685344770391,SgtkfcemWdrh4byAVHwXF5NYxiTRpjvPQ28GoEuzL96J7KqnaUBMD4WQMZu9vnL3,,Sameday,""2026-06-08 00:00:01"""
"08-06-2026 00:00:00,627,""PT  Langit Karya Utama"",""Open API"",""BNC QRIS"",c8916f2852b648388902019dfee2dc7e,1p84b0688500,27000.00000000,170.30000000,Include,18.700000,26811,Success,Settled,PAYIN45443422946446954085452718,EoB2fDutJCakPq5ixwSQ9hFdseny7WrXHRYzKvT8mA6VjZcLM4g3G4WQMZuALSrV,,Sameday,""2026-06-08 00:00:01"""
"08-06-2026 00:00:01,627,""PT  Langit Karya Utama"",""Open API"",""BNC QRIS"",c894543f60b94018bb8bcd00f20f34d9,1p84b0997103,50000.00000000,315.30000000,Include,34.700000,49650,Success,Settled,PAYIN45443431356026480924304254,PUmfbKtMB5NWoVD6R3q4ySkcAaHevCpdT8s2GYu7ZhxLQwnFEi9rz4WQMZuB8k8e,,Sameday,""2026-06-08 00:00:01"""
"08-06-2026 00:00:00,627,""PT  Langit Karya Utama"",""Open API"",""BNC QRIS"",9c784b6d7e84439a9acbfc18cb6a311c,1p84b0688497,30000.00000000,189.20000000,Include,20.800000,29790,Success,Settled,PAYIN45443417641491254624002213,sBtRTDnrF4qLaz6Z5dcHgeUiVGkKhxXjyWPSApMJYCw8buQo3f27v4WQMZuAj7Hr,,Sameday,""2026-06-08 00:00:01"""
"08-06-2026 00:00:01,627,""PT  Langit Karya Utama"",""Open API"",""BNC QRIS"",77aa01517a3e4ae8b16ea33f1fb28570,019319546687,55000.00000000,346.80000000,Include,38.200000,54615,Success,Settled,PAYIN45443430963439628763560958,6BRPTDWexUKd4EZMsHYrLJmcQNkvgViupfGtnS2yw9j7FCXz5bq3a4WQMZuBXPFY,,Sameday,""2026-06-08 00:00:01"""
"08-06-2026 00:00:01,627,""PT  Langit Karya Utama"",""Open API"",""BNC QRIS"",40a0fe530e8843668553542689c8db27,019749167357,30000.00000000,189.20000000,Include,20.800000,29790,Success,Settled,PAYIN45443433536225693630805161,tiYyux3NQr2RdK6VF8aPg7qoEnvMCXjZUJ4bspkWA5emGDBHSLhTc4WQMZuDWcyt,,Sameday,""2026-06-08 00:00:01"""
"08-06-2026 00:00:00,627,""PT  Langit Karya Utama"",""Open API"",""BNC QRIS"",fa7fc8a823c0479b831a298554ced319,1p84b0x07896,20000.00000000,126.10000000,Include,13.900000,19860,Success,Settled,PAYIN45443424786907556885589887,aFj2DYo3EQWsrVmJP4S8xhTdMBvGHteqnygkCcpbw6ZLzAKR9Ui7X4WQMZuD7ywu,,Sameday,""2026-06-08 00:00:01"""
"08-06-2026 00:00:01,627,""PT  Langit Karya Utama"",""Open API"",""BNC QRIS"",5155338f4dcb4e5096e154c1dc9fab9e,1p84b0i79238,38000.00000000,239.60000000,Include,26.400000,37734,Success,Settled,PAYIN45443428410786203227231751,eaFQyKtUsEuP8cT4nhjwxGMpkdS5VfqL2NrBAzRZoiC37WDHvX6gb4WQMZuD7yjn,,Sameday,""2026-06-08 00:00:01"""
"08-06-2026 00:00:01,627,""PT  Langit Karya Utama"",""Open API"",""BNC QRIS"",f1613763361f449091e1db54bd875c7b,1p84b0v18430,93300.00000000,588.40000000,Include,64.700000,92646.9,Success,Settled,PAYIN45443423051723985593838717,xWcmorLED8UBjhM2qnQKwd6YXRSCGtuyai3TAJeHV7bNP5gpf49sF4WQMZuEJunv,,Sameday,""2026-06-08 00:00:01"""
"08-06-2026 00:00:00,627,""PT  Langit Karya Utama"",""Open API"",""BNC QRIS"",8cd7568f457c45f1ae264132a86567b3,1p84b0688498,54000.00000000,340.50000000,Include,37.500000,53622,Success,Settled,PAYIN45443411570236214231562441,KM4U78c6jruxnGyofhWd9DpweNViHSXBJ5mYvzkTbQsCERgtZA2FP4WQMZuF7Du9,,Sameday,""2026-06-08 00:00:01"""
"08-06-2026 00:00:01,627,""PT  Langit Karya Utama"",""Open API"",""BNC QRIS"",d76a3564442245c0a08204c717568e12,1p84b0599017,50000.00000000,315.30000000,Include,34.700000,49650,Success,Settled,PAYIN45443429915702488363802311,CDeqnjZhcL9rMzt5HbVNoY6XvyfERJ2PwuWBKsxS7AFmUpidaT38g4WQMZuH6TmH,,Sameday,""2026-06-08 00:00:01"""
"08-06-2026 00:00:01,627,""PT  Langit Karya Utama"",""Open API"",""BNC QRIS"",776872abe09f4a108df82067de765bfa,1p84b0h80953,30000.00000000,189.20000000,Include,20.800000,29790,Success,Settled,PAYIN45443429490819486574667983,tkCpRgnx5XAT4QZHm87cfhVyLjr2aDBG9dJEsqz6NUwFbSWPMoue34WQMZuKUMsr,,Sameday,""2026-06-08 00:00:01"""
"08-06-2026 00:00:01,627,""PT  Langit Karya Utama"",""Open API"",""BNC QRIS"",5717cd5edab04d3cb68914d151428d59,019642749662,30000.00000000,189.20000000,Include,20.800000,29790,Success,Settled,PAYIN45443417789969620611094310,pDPfWmtYFogkXZ5aEiBSHerysn3b8Aj2CxNG7wvQz4UKJdVLRu6hc4WQMZun6nPt,,Sameday,""2026-06-08 00:00:01"""
"08-06-2026 00:00:01,627,""PT  Langit Karya Utama"",""Open API"",""BNC QRIS"",c068a0ddbb354796996bbd1efe1d2db7,019658863277,20000.00000000,126.10000000,Include,13.900000,19860,Success,Settled,PAYIN45443398434934376648058688,nPXeQzm7DLF84ktVBchwp6HiSMWRZ2qKEJx5NGybfrYag3Uus9ojA4WQMZvdZs46,,Sameday,""2026-06-08 00:00:01"""
"08-06-2026 00:00:01,627,""PT  Langit Karya Utama"",""Open API"",""BNC QRIS"",8928f590871841abb23393db200dd210,010000HY00MR,70000.00000000,441.40000000,Include,48.600000,69510,Success,Settled,PAYIN45443367127810463365986649,9eGXvUi4FSBTtDkcaMLHrKz6CZwd2jpbu8sYqhn3VA7of5mWREQxJ4WQMZvnK93p,,Sameday,""2026-06-08 00:00:01"""
"08-06-2026 00:00:01,627,""PT  Langit Karya Utama"",""Open API"",""BNC QRIS"",b9c3b94f77a6475a912de18f45213840,010000HY04M3,29400.00000000,185.40000000,Include,20.400000,29194.2,Success,Settled,PAYIN45443424507986333235363186,czth6WwHPZ7spoDBSRJ9ryFjdUG5aYug8VT2Q4bem3LAnkNxKvECq4WQMZwTr2Jn,,Sameday,""2026-06-08 00:00:01"""
"08-06-2026 00:00:01,627,""PT  Langit Karya Utama"",""Open API"",""BNC QRIS"",400406a73e7546f0880fc04c731d9bc1,019562188278,50000.00000000,315.30000000,Include,34.700000,49650,Success,Settled,PAYIN45443420400923855450875234,APfgUcvX6s2xNSkY8M53rG4qQDZd9jEyKaLwHtenBTCRWumbVzhFo4WQMZwVqGXZ,,Sameday,""2026-06-08 00:00:01"""
"08-06-2026 00:00:01,627,""PT  Langit Karya Utama"",""Open API"",""BNC QRIS"",c00aa0bcd0ab4257832e5eeecc86d901,1p84b0u16727,25000.00000000,157.70000000,Include,17.300000,24825,Success,Settled,PAYIN45443423471154384166699407,kfUmyeTJoxzbBWQcNRDPhAtKYMVFw65GZ7i2SLqa98XgCsj3HuprE4WQMZwpWjiZ,,Sameday,""2026-06-08 00:00:01"""
"08-06-2026 00:00:01,627,""PT  Langit Karya Utama"",""Open API"",""BNC QRIS"",31f37353a6424073bc0ba23e0ab3f658,1p84b0t19487,50000.00000000,315.30000000,Include,34.700000,49650,Success,Settled,PAYIN45443402117533296574906545,75Y9iwPfjpsAb3EMtBvxrk2qu6ynXDTcKQZzRSoUHLN4gFed8VaWG4WQMZxBP9uV,,Sameday,""2026-06-08 00:00:01"""
"08-06-2026 00:00:01,627,""PT  Langit Karya Utama"",""Open API"",""BNC QRIS"",4e9a6ed427824d949e65d50da1db8a68,29d403ff6811,50000.00000000,315.30000000,Include,34.700000,49650,Success,Settled,PAYIN45443413683326570820791794,erkmHcCPGyvVQST5JadBn84j6WgoRZKizhwLuXYNp9MDqsF7Abtfx4WQMZxa37Pr,,Sameday,""2026-06-08 00:00:02"""
"08-06-2026 00:00:02,627,""PT  Langit Karya Utama"",""Open API"",""BNC QRIS"",8e172b396c3740dd92e200f03a517366,019420542602,105000.00000000,662.20000000,Include,72.800000,104265,Success,Settled,PAYIN45443408564597970095646196,kjKeSJTgHx3WU9wiqYZ4QPRa8zvNrXyd2oAbMsnDmFfC5pGh6ucEV4WQMa45KFEk,,Sameday,""2026-06-08 00:00:02"""
"08-06-2026 00:00:02,627,""PT  Langit Karya Utama"",""Open API"",""BNC QRIS"",ad64f8b4dba849318d7a166a609ddcea,001237188351,50000.00000000,315.30000000,Include,34.700000,49650,Success,Settled,PAYIN45443426071622867605388265,MGHe6bCF9AEDzs8arjQLcoqXYnwph3dU7uBKZNy2JxWTmf4SRVvk54WQMa4d77NH,,Sameday,""2026-06-08 00:00:02"""
"08-06-2026 00:00:02,627,""PT  Langit Karya Utama"",""Open API"",""BNC QRIS"",d058a236190b4c3ea6eaa39671165e4b,1p84b5v92336,15000.00000000,94.60000000,Include,10.400000,14895,Success,Settled,PAYIN45443391552500952036646024,pS732YjDFgZfTQXzEcBtrCHJ5GW9kK8neUvhPyLMdbuNRma4s6iwq4WQMa4f6LtC,,Sameday,""2026-06-08 00:00:02"""
"08-06-2026 00:00:02,627,""PT  Langit Karya Utama"",""Open API"",""BNC QRIS"",17cb66948a544338b74899cacad65b4b,010000HY04M4,150000.00000000,945.90000000,Include,104.100000,148950,Success,Settled,PAYIN45443423600758376938157328,aCzq5cT6LwMKgDVJStW8hsuk27f94YjQpmGPZ3NHdnBXreyAFvxob4WQMa4xBENL,,Sameday,""2026-06-08 00:00:02"""
"08-06-2026 00:00:02,627,""PT  Langit Karya Utama"",""Open API"",""BNC QRIS"",d83dee474e974f908b1f1c07a34c388c,019372112863,500000.00000000,3153.20000000,Include,346.800000,496500,Success,Settled,PAYIN45443400328662632066901830,TPzJ7sMgxE8XQNeZfFn6WBRumraHo25GShpAtyCbdLvjiqUYVD4kw4WQMa6EsryD,,Sameday,""2026-06-08 00:00:02"""
"08-06-2026 00:00:02,627,""PT  Langit Karya Utama"",""Open API"",""BNC QRIS"",2ac038c80d014d7093fdbc6625058640,1p84b0p30721,15000.00000000,94.60000000,Include,10.400000,14895,Success,Settled,PAYIN45443398888758070916489977,6HU3Zdje4fKr5VRJgTNyukwzbaD8noMtQhcECSsWGvBAxp9YPLX2i4WQMa7QF8xp,,Sameday,""2026-06-08 00:00:03"""
"08-06-2026 00:00:02,627,""PT  Langit Karya Utama"",""Open API"",""BNC QRIS"",5f4a4bb26d6b4555bd8d5dd3e2dcbb18,1p84b0i79243,18000.00000000,113.50000000,Include,12.500000,17874,Success,Settled,PAYIN45443403470615765119627486,VD4cqiJMaPexbuERnCmYtSovfAw8Q9pW5XydK6BF2khTgsjUNZLHr4WQMa7wdLZp,,Sameday,""2026-06-08 00:00:03"""
"08-06-2026 00:00:02,627,""PT  Langit Karya Utama"",""Open API"",""BNC QRIS"",a0c1e718222e4051b48c4d16849aa7dc,29cf03fd2382,50000.00000000,315.30000000,Include,34.700000,49650,Success,Settled,PAYIN45443430505841057259033588,eKRrA6E2xcsTuPavXhgfDLknzNWtM8CHod45yjYFiJpQm73bUVqwS4WQMa86aKZw,,Sameday,""2026-06-08 00:00:03"""
"08-06-2026 00:00:03,627,""PT  Langit Karya Utama"",""Open API"",""BNC QRIS"",76dcfebecbe748e98b926c9447755783,1p84b0o56571,40000.00000000,252.30000000,Include,27.700000,39720,Success,Settled,PAYIN45443418861194863013791148,CnyJrBAXuMHN2wg74QzEq3oPmefLVY9itFdRx5KcpbGDvsjSWkZT84WQMa8jXb6s,,Sameday,""2026-06-08 00:00:03"""
"08-06-2026 00:00:05,627,""PT  Langit Karya Utama"",""Open API"",""BNC QRIS"",f3335768c34d46f6b8be414ecf72627b,1p84b0w13794,100000.00000000,630.60000000,Include,69.400000,99300,Success,Settled,PAYIN45443415860589775469549293,9KHAGiSx5jNVdpRhqf2P4Mn6awU7TJ3mcDtQFrEzZ8CeLBogkyuvY4WQMaPVJNYw,,Sameday,""2026-06-08 00:00:05"""
"08-06-2026 00:00:05,627,""PT  Langit Karya Utama"",""Open API"",""BNC QRIS"",aa8b5e5403df49cca3019f95fc740de5,000303770235,50000.00000000,315.30000000,Include,34.700000,49650,Success,Settled,PAYIN45443423583561731847617832,MLyCzHAVhSDwZRecgmQ2fdxPiUvquF89G7YksKTNb4BntrJW3pXjo4WQMaQ4Usqf,,Sameday,""2026-06-08 00:00:05"""
"08-06-2026 00:00:05,627,""PT  Langit Karya Utama"",""Open API"",""BNC QRIS"",7ce550c7c7ad429b9af8bf72da5d4e0d,1p84c0e58088,25000.00000000,157.70000000,Include,17.300000,24825,Success,Settled,PAYIN45443433102115226518562644,rvxSFiH5wCPkMj3gaQLzhRXDY9qpfm2A8K7cebus64ETZVNUWGyJB4WQMaQFc2y7,,Sameday,""2026-06-08 00:00:05"""
"08-06-2026 00:00:05,627,""PT  Langit Karya Utama"",""Open API"",""BNC QRIS"",49c7f7cb6f424f9bb94b3b5e18d4f37b,000303770267,100000.00000000,630.60000000,Include,69.400000,99300,Success,Settled,PAYIN45443415062413727998404397,gByKZPS895Qvtmu3kpCxnWijRqrDwGT2hEb7XLNMsaeAfHJYUzoVF4WQMaQHbHei,,Sameday,""2026-06-08 00:00:05"""
"08-06-2026 00:00:05,627,""PT  Langit Karya Utama"",""Open API"",""BNC QRIS"",38f41922d92c4f7a8d1df3d1d2e4307e,1p84brq97327,20000.00000000,126.10000000,Include,13.900000,19860,Success,Settled,PAYIN45443426470920613412428139,4cKUMGCJ2wNzQaokZPSHdbpFxnYfr3BjvAWs8eyhTuXREDq96Vt5i4WQMaQHyvLr,,Sameday,""2026-06-08 00:00:05"""
"08-06-2026 00:00:05,627,""PT  Langit Karya Utama"",""Open API"",""BNC QRIS"",c53f67010ec849c4b7315cb2196352ec,1p84b0m56489,10000.00000000,63.10000000,Include,6.900000,9930,Success,Settled,PAYIN45443430061664261543716315,dtZibEXgz4wjnp58DrkTAxKhoLFQRf6vYyNUHGmJ92S7Vq3aeWsPu4WQMaQNkhUi,,Sameday,""2026-06-08 00:00:05"""
"08-06-2026 00:00:05,627,""PT  Langit Karya Utama"",""Open API"",""BNC QRIS"",bb0f455b504147f4bc5a41be8be590cf,1p84b0u16738,29000.00000000,182.90000000,Include,20.100000,28797,Success,Settled,PAYIN45443424898056611835173694,sSveyijTzxmoPrJ645YBDd9LgKAMqcEpZwVH2h3FU8QfkGnRuWXat4WQMaQPwemC,,Sameday,""2026-06-08 00:00:05"""
"08-06-2026 00:00:05,627,""PT  Langit Karya Utama"",""Open API"",""BNC QRIS"",4b32896b87aa47f6a49e13353348af12,1p84brq97329,25000.00000000,157.70000000,Include,17.300000,24825,Success,Settled,PAYIN45443430959245319996249670,caXx7bDv2CrYBzoSmQT6gfRZdL83juinwWGs4eMJq9FKhUypPE5Vt4WQMaRCFZ7K,,Sameday,""2026-06-08 00:00:05"""
"08-06-2026 00:00:05,627,""PT  Langit Karya Utama"",""Open API"",""BNC QRIS"",876640a23b624911b56fb168d23a54da,1p84b0m56493,40000.00000000,252.30000000,Include,27.700000,39720,Success,Settled,PAYIN45443434508884792906376777,kFU5n8PG7QDSuCypjgYX9Bbs6MHVZrtoazJKhWmANc4xwdfvLT2Ei4WQMaRHQyxF,,Sameday,""2026-06-08 00:00:05"""
"08-06-2026 00:00:05,627,""PT  Langit Karya Utama"",""Open API"",""BNC QRIS"",fa744f047bc54f6da738eda64f15ec63,1p84b0t19500,50000.00000000,315.30000000,Include,34.700000,49650,Success,Settled,PAYIN45443431860181820816831192,bxpZrhvMWUoAufjgHN8Ct9ywzaGsn3PdV6EYRX7i5ceB2SFLDQTm44WQMaRQxJbx,,Sameday,""2026-06-08 00:00:05"""
"08-06-2026 00:00:05,627,""PT  Langit Karya Utama"",""Open API"",""BNC QRIS"",b04bd0f180cd427381cb5e933ae2ec16,000303770352,50000.00000000,315.30000000,Include,34.700000,49650,Success,Settled,PAYIN45443421970851851837743974,AUZG8PH4eC3TbsFVc2LKmN6w7XuMoYziQtSdjaDqryEh9JWvp5Bgn4WQMaReULPX,,Sameday,""2026-06-08 00:00:05"""
"08-06-2026 00:00:05,627,""PT  Langit Karya Utama"",""Open API"",""BNC QRIS"",cabdaba5b040406999688f6587959f38,AX4UEDVDYV9G,245000.00000000,1545.00000000,Include,170.000000,243285,Success,Settled,PAYIN45443429737863991064906467,8Gkp92PnsR3qoWdNVmHAxB4wh7ryiSjtaugDMzvfXQUeY6TL5FJbE4WQMaRg4vey,,Sameday,""2026-06-08 00:00:05"""
"08-06-2026 00:00:05,627,""PT  Langit Karya Utama"",""Open API"",""BNC QRIS"",13a5179d67124276a7f65a52d7368e25,1p84b0h80979,25000.00000000,157.70000000,Include,17.300000,24825,Success,Settled,PAYIN45443430372881618341835301,bhs3cky6VfSqB5dtG4axjmHC7PurULFi8TNWEZDnwMRYpA2zvQeog4WQMaRgTb5E,,Sameday,""2026-06-08 00:00:05"""
"08-06-2026 00:00:05,627,""PT  Langit Karya Utama"",""Open API"",""BNC QRIS"",8a4b9be84aa941f8a68c4591cdabae87,1p84b0r27042,50000.00000000,315.30000000,Include,34.700000,49650,Success,Settled,PAYIN45443431847179469284058827,SqWrvRj7zBE9AxaHdDCVUib2uMk38YypsKGcof5e6TXPhZLnw4gNQ4WQMaSJRcy8,,Sameday,""2026-06-08 00:00:05"""
"08-06-2026 00:00:05,627,""PT  Langit Karya Utama"",""Open API"",""BNC QRIS"",2eff70cadf894c428f8652608751b70c,1p84b0o56594,39000.00000000,245.90000000,Include,27.100000,38727,Success,Settled,PAYIN45443393103135141671780406,VFcTdSRgDPrumkXHJ2zho8A3qpiQ76w5EeBU4LWxytbsCvGaY9jKZ4WQMaSoRwwD,,Sameday,""2026-06-08 00:00:05"""
"08-06-2026 00:00:05,627,""PT  Langit Karya Utama"",""Open API"",""BNC QRIS"",f23ec26c4c66402a856d4713f6ba59da,1p84b0c95652,100000.00000000,630.60000000,Include,69.400000,99300,Success,Settled,PAYIN45443428179680057607811345,uHdMPTG43qLNSxwQh8YfnjkaAy9sgE2JCDVZ6ve5RpmKtUWc7bFir4WQMaT6iXNL,,Sameday,""2026-06-08 00:00:05"""
"08-06-2026 00:00:05,627,""PT  Langit Karya Utama"",""Open API"",""BNC QRIS"",883dc3bda9e743b0a06ff824eff4ed06,1p84b0t19501,200000.00000000,1261.30000000,Include,138.700000,198600,Success,Settled,PAYIN45443418029044953451907633,VtgdLXA3KJH5oEM9pPvxUGkbhFR467TCcrYZSW8jfnezsqmuwQ2Ni4WQMaTGG6Yp,,Sameday,""2026-06-08 00:00:05"""
"08-06-2026 00:00:05,627,""PT  Langit Karya Utama"",""Open API"",""BNC QRIS"",1322e19cd20446d08ff6ecda3db77819,1p84b0997121,64324.00000000,405.70000000,Include,44.600000,63873.7,Success,Settled,PAYIN45443424743286790489130158,E6cYHPQFGJ9wbgzLaSUdMWuyC7x2XAhkjto4ZvNBpeRimr85fD3Kn4WQMaTeWQ6s,,Sameday,""2026-06-08 00:00:06"""
"08-06-2026 00:00:05,627,""PT  Langit Karya Utama"",""Open API"",""BNC QRIS"",83e5a815fbad4ca88b3bc4f9261a9940,000303770609,26000.00000000,164.00000000,Include,18.000000,25818,Success,Settled,PAYIN45443422979162524412743974,c6GCkW7EZy2QpnxLi49PwUXMRKbN5vS3JuADejrmgFBztaHhqf8Td4WQMaTfhM9o,,Sameday,""2026-06-08 00:00:06"""
"08-06-2026 00:00:05,627,""PT  Langit Karya Utama"",""Open API"",""BNC QRIS"",578b116af073466ba47124b1713d11ed,000303770390,50000.00000000,315.30000000,Include,34.700000,49650,Success,Settled,PAYIN45443421935619689295780168,w95aDNjoq68CrxZmb4eJvQKcyBV27hiAnEfz3GHRPMUXTkFupLsYS4WQMaTvnykz,,Sameday,""2026-06-08 00:00:06"""
"08-06-2026 00:00:05,627,""PT  Langit Karya Utama"",""Open API"",""BNC QRIS"",9ee501294c8b43e6a9b4acd63a50c888,019362763488,50000.00000000,315.30000000,Include,34.700000,49650,Success,Settled,PAYIN45443403093547836675806545,EJPHMwtiaAyUYh26KfrWd39Qv7DsFe5mocgGLnRpTZCN8xBbz4uXj4WQMaTxPa7T,,Sameday,""2026-06-08 00:00:06"""
"08-06-2026 00:00:05,627,""PT  Langit Karya Utama"",""Open API"",""BNC QRIS"",b4927d864d8a4cc98e1fefd69061f350,1p84b0w13811,29000.00000000,182.90000000,Include,20.100000,28797,Success,Settled,PAYIN45443423528616349816833195,FScezkVbswrvE4HXf7LQ3A6na5xRhmNWB9KyMiGUZojdYPqJg2tTC4WQMaUQ2kf3,,Sameday,""2026-06-08 00:00:06"""
"08-06-2026 00:00:05,627,""PT  Langit Karya Utama"",""Open API"",""BNC QRIS"",7bf6c0a176814062a52e51c64ccc3f65,1p84b0y01855,38000.00000000,239.60000000,Include,26.400000,37734,Success,Settled,PAYIN45443426105596723850387687,irXLTwtAMYmZdBxoyFkN43Pb8RGfEVzcjHSJeuW95D7q6anK2gpvs4WQMaUSoJHa,,Sameday,""2026-06-08 00:00:06"""
"08-06-2026 00:00:05,627,""PT  Langit Karya Utama"",""Open API"",""BNC QRIS"",c0ad30c6f8644f22b7526b005e771a38,019509208111,98000.00000000,618.00000000,Include,68.000000,97314,Success,Settled,PAYIN45443424035707701836639957,Y4cGa8wDbmENU7uy6SHeMifdpKrgJ9zZPABtXqkLnT5W3CRoQv2xV4WQMaUZZKUc,,Sameday,""2026-06-08 00:00:06"""
"08-06-2026 00:00:05,627,""PT  Langit Karya Utama"",""Open API"",""BNC QRIS"",3a4c7368c62f40ceba825d1372852131,010000HY04MG,20000.00000000,126.10000000,Include,13.900000,19860,Success,Settled,PAYIN45443423660736921609907688,bfZM4qDPpWsRFnr8aEUSxjTe7hBczd63ug2KLywHmJV5AvXiGoYCQ4WQMaV6Mvjk,,Sameday,""2026-06-08 00:00:06"""
"08-06-2026 00:00:05,627,""PT  Langit Karya Utama"",""Open API"",""BNC QRIS"",0ff95a07ea314a2a83d9d8e10b3dc29e,019227603419,50000.00000000,315.30000000,Include,34.700000,49650,Success,Settled,PAYIN45443423811312439666875584,rqkHDyh968GQEVXsvdoYuPgRUNALJfT5aiBpcMSxmFe73CZnbjt2w4WQMaVALRio,,Sameday,""2026-06-08 00:00:06"""
"08-06-2026 00:00:05,627,""PT  Langit Karya Utama"",""Open API"",""BNC QRIS"",32cf9834385d45f3a61e05fdad4cf8a0,019382338350,30000.00000000,189.20000000,Include,20.800000,29790,Success,Settled,PAYIN45443409973045249944189206,tpAweqZX8TodF5YPUs7RmzfWMk23garNV4LSEGvuyKcD6CHniB9xh4WQMaVF7Cvc,,Sameday,""2026-06-08 00:00:06"""
"08-06-2026 00:00:05,627,""PT  Langit Karya Utama"",""Open API"",""BNC QRIS"",182cbdad98504e2e8a439edc8a9cb77f,010000HY04M6,20000.00000000,126.10000000,Include,13.900000,19860,Success,Settled,PAYIN45443417546280557018536025,P2uAFwvCi4onmHzUrVM5sQf3qpLJh7ZgNkK6TYaXjBSeDEyxW8d9R4WQMaVQdkrk,,Sameday,""2026-06-08 00:00:06"""
"08-06-2026 00:00:05,627,""PT  Langit Karya Utama"",""Open API"",""BNC QRIS"",fdcf0ad3cdd24d02b6deaa941bdd7b5e,1p84b0h80981,31000.00000000,195.50000000,Include,21.500000,30783,Success,Settled,PAYIN45443431107723674555094191,zT3wnWrHmyb97aGtN5hL8qjJvDPoeQsFd2V6SfcERpKkAiBxguZYX4WQMaViWwBP,,Sameday,""2026-06-08 00:00:06"""
"08-06-2026 00:00:05,627,""PT  Langit Karya Utama"",""Open API"",""BNC QRIS"",571f3fa2783340a1a92faa922949254d,1p84b0w13805,25000.00000000,157.70000000,Include,17.300000,24825,Success,Settled,PAYIN45443414134214253292023677,F7THQmxDf6nER4gcStoLCpeVYzkAhWMyBK5UGdjv9iNruPJX2sbwq4WQMaVogMvo,,Sameday,""2026-06-08 00:00:06"""
"08-06-2026 00:00:06,627,""PT  Langit Karya Utama"",""Open API"",""BNC QRIS"",a2e5821a44a74d12bed3f7935f785ce9,1p84c0a83993,25000.00000000,157.70000000,Include,17.300000,24825,Success,Settled,PAYIN45443424724412420147242288,WQEY3nZxDBgaPyXFovAqsjGdwN8zLUTuSJ7CbVer2m4tpfiRhMc5K4WQMaWC9NMv,,Sameday,""2026-06-08 00:00:06"""
"08-06-2026 00:00:06,627,""PT  Langit Karya Utama"",""Open API"",""BNC QRIS"",ff7e0419a9a24f5fa10e941318b9c2e9,1p84b0997126,50000.00000000,315.30000000,Include,34.700000,49650,Success,Settled,PAYIN45443428242594614236840358,E6Z3twU4YRMWvnHQ9CPcegzAxo2GXV7p5DhyTLjfksdurSbJKi8NF4WQMaWC9NZp,,Sameday,""2026-06-08 00:00:06"""
"08-06-2026 00:00:06,627,""PT  Langit Karya Utama"",""Open API"",""BNC QRIS"",0fdc7588f34d4306adf2229f075c5440,1p84b0k54176,30000.00000000,189.20000000,Include,20.800000,29790,Success,Settled,PAYIN45443415251157409791284789,ewdMmjzb5W3ANERJoqBG4KkTHQy2nSrLxf8p7sVXhvCFZD6gaucYU4WQMaWSSiSE,,Sameday,""2026-06-08 00:00:06"""
"08-06-2026 00:00:06,627,""PT  Langit Karya Utama"",""Open API"",""BNC QRIS"",ee16ab1faaa84d48970a8460c931165c,010000HY04MK,50000.00000000,315.30000000,Include,34.700000,49650,Success,Settled,PAYIN45443420720529825388131158,5h7oxaYezvLJBR9UXGiMbpnt3HqZVfmwEcKgCNTDjks4W2Au8SFPQ4WQMaWgk3yt,,Sameday,""2026-06-08 00:00:06"""
"08-06-2026 00:00:05,627,""PT  Langit Karya Utama"",""Open API"",""BNC QRIS"",e023e02d974a4d3f870145638f3e24ed,019329210521,50000.00000000,315.30000000,Include,34.700000,49650,Success,Settled,PAYIN45443424309595763114475601,3zhUDjH5akrEPf8ypWSTwqodGxNsuBLXVnACK4R2eJFt67cvY9QZM4WQMaWkiXJX,,Sameday,""2026-06-08 00:00:06"""
"08-06-2026 00:00:06,627,""PT  Langit Karya Utama"",""Open API"",""BNC QRIS"",929d122b7ef64ff4af0443201dbdb0f1,1p84b0j32840,50500.00000000,318.50000000,Include,35.000000,50146.5,Success,Settled,PAYIN45443423205235518864362650,jKY5thN2cdRgkMf3uDoyXBe8TEH4rQWCUJ6wFxzsZvPG7LpAmiS9b4WQMaWoW53n,,Sameday,""2026-06-08 00:00:06"""
"08-06-2026 00:00:06,627,""PT  Langit Karya Utama"",""Open API"",""BNC QRIS"",f7b2cc9f31e9438091babbe7538c96b8,1p84c0a83995,25000.00000000,157.70000000,Include,17.300000,24825,Success,Settled,PAYIN45443421654601326722793500,U2yjdmMhsqQ5io73tRe6v8rSuCzbDafTJXcgNxBGFVKnH4LPwY9pA4WQMaWw4PY3,,Sameday,""2026-06-08 00:00:06"""
"08-06-2026 00:00:05,627,""PT  Langit Karya Utama"",""Open API"",""BNC QRIS"",4f1dbe60042547b78439a06e4128f06c,019409304279,27000.00000000,170.30000000,Include,18.700000,26811,Success,Settled,PAYIN45443412464461824359743408,xpgrRYLQcuEPqTDVikC76Hy3bNfvJothK4zMjdw5XaBnSeZAWFG894WQMaX6Pzf3,,Sameday,""2026-06-08 00:00:06"""
"08-06-2026 00:00:06,627,""PT  Langit Karya Utama"",""Open API"",""BNC QRIS"",8b5fd6f6966842f6a5d49b81a0229315,019361655530,19500.00000000,123.00000000,Include,13.500000,19363.5,Success,Settled,PAYIN45443427303070527906023685,jSZVTwLMv4FUtDXefokyxh258dmBa679Hquz3sWKnCJQbYRgpAiNP4WQMaXELyBX,,Sameday,""2026-06-08 00:00:06"""
"08-06-2026 00:00:06,627,""PT  Langit Karya Utama"",""Open API"",""BNC QRIS"",beaee648c6064133a9883aca72c58150,1p84b5v92366,56000.00000000,353.20000000,Include,38.800000,55608,Success,Settled,PAYIN45443430396789151015857448,W3LmXow7z4By8N2ASrZRV9TgEGkKabqnPs5ueFCfQj6HdcvthiUJD4WQMaXH8W3M,,Sameday,""2026-06-08 00:00:06"""
"08-06-2026 00:00:06,627,""PT  Langit Karya Utama"",""Open API"",""BNC QRIS"",20b7bb92e09044bdba380b29b7381ada,019388133126,10000.00000000,63.10000000,Include,6.900000,9930,Success,Settled,PAYIN45443423507225403160768447,sNZq6dHWQSE2vx5mzDURTFPjwYuy4pArGgKV7Ln3ht8kBbMeJCcXi4WQMaXH8WW5,,Sameday,""2026-06-08 00:00:06"""
"08-06-2026 00:00:06,627,""PT  Langit Karya Utama"",""Open API"",""BNC QRIS"",c264eae695764000bc5d954769ffc97c,019353866828,50000.00000000,315.30000000,Include,34.700000,49650,Success,Settled,PAYIN45443429192185038740499217,jNoFudzRcHKCTv7qmpSiWV6LXGUta4nEyYQMg9De3kfhxP2BbJsAr4WQMaXNgbC9,,Sameday,""2026-06-08 00:00:06"""
"08-06-2026 00:00:06,627,""PT  Langit Karya Utama"",""Open API"",""BNC QRIS"",bbf9f5fe4d2846fda4838f5d529df321,019434735589,20000.00000000,126.10000000,Include,13.900000,19860,Success,Settled,PAYIN45443428106699163235667520,YFqyXET84aUuikvzgA52bDpK3M7NRmSBnjHJPhQxVdG9CsfWtcLeo4WQMaXV3wdT,,Sameday,""2026-06-08 00:00:06"""
"08-06-2026 00:00:05,627,""PT  Langit Karya Utama"",""Open API"",""BNC QRIS"",849af6f1d8ea409eadb6160db6b6e377,1p84b0o56589,27000.00000000,170.30000000,Include,18.700000,26811,Success,Settled,PAYIN45443432725047298121249003,jMtVhYDxwZXqkPnr6ae5KWz7S2isBLNm9FEU8oRJgCfQbpyHT3Gdv4WQMaXVSbVm,,Sameday,""2026-06-08 00:00:06"""
"08-06-2026 00:00:06,627,""PT  Langit Karya Utama"",""Open API"",""BNC QRIS"",a5e4457a8cea4377a5d4361925591d53,1p84b0m56516,50000.00000000,315.30000000,Include,34.700000,49650,Success,Settled,PAYIN45443426702026761550131359,JGsCBtj5yrVFbdvkYzhHwEx69Kc32fqeXQpo4N8ZguPamRALSW7iD4WQMaXVqGJN,,Sameday,""2026-06-08 00:00:06"""
"08-06-2026 00:00:06,627,""PT  Langit Karya Utama"",""Open API"",""BNC QRIS"",153a3634bb614b83858fca995cc71bba,1p84b0m56517,50000.00000000,315.30000000,Include,34.700000,49650,Success,Settled,PAYIN45443419754162184579990496,4pJ8wuYADCqejnvB6gfUarPWisSZEmT7hytQ2xF9XczLKHdVbkGM34WQMaXgB78T,,Sameday,""2026-06-08 00:00:06"""
"08-06-2026 00:00:06,627,""PT  Langit Karya Utama"",""Open API"",""BNC QRIS"",66b779cf5aea4e249e4c09d506577bc6,1p84b5v92368,71000.00000000,447.70000000,Include,49.300000,70503,Success,Settled,PAYIN45443424127143531177893273,5ZK7JNuoXdrMGLzgBpfWijVE9xanyPkDCwTUqFbvecA3tQ4SY2m6s4WQMaXkYEmE,,Sameday,""2026-06-08 00:00:06"""
"08-06-2026 00:00:06,627,""PT  Langit Karya Utama"",""Open API"",""BNC QRIS"",fb888c555bd643e99cfaecac7d10d7e1,019395902023,100000.00000000,630.60000000,Include,69.400000,99300,Success,Settled,PAYIN45443418465252560915743900,iHzJVC2xQdLhpSgEeWfoRMGr3auAK6DUmjTBwts7X5Zky8bPFNn4v4WQMaYACCJe,,Sameday,""2026-06-08 00:00:06"""
"08-06-2026 00:00:06,627,""PT  Langit Karya Utama"",""Open API"",""BNC QRIS"",d3159872aea54f69a388a9a364535c5d,1p84c0a84000,25000.00000000,157.70000000,Include,17.300000,24825,Success,Settled,PAYIN45443429346535434707571578,bEkGXjwnHSUZtYMqvCAFVdihycDN2sK6Ta8WL5fuoePg79pBQJzx34WQMaYCxiZS,,Sameday,""2026-06-08 00:00:06"""
"08-06-2026 00:00:05,627,""PT  Langit Karya Utama"",""Open API"",""BNC QRIS"",9184bda2c1a4471eb72a60978bf7c044,010000HY04MF,10000.00000000,63.10000000,Include,6.900000,9930,Success,Settled,PAYIN45443426372773889019646282,XTmR2wLhjPrZYUJzfVHqi3gDFSM487socdCWtvy9N6BEQpAkGe5Ka4WQMaYPJb57,,Sameday,""2026-06-08 00:00:06"""
"08-06-2026 00:00:06,627,""PT  Langit Karya Utama"",""Open API"",""BNC QRIS"",d2a3371e653d4ffa8291fc6143a94c23,000303770704,134679.00000000,849.40000000,Include,93.400000,133736.2,Success,Settled,PAYIN45443426805206640104639317,KGBUpQkN7Yq5nz9vtxEecXbmSLDW2yaid8grjfVZFhosAPHRT4uwM4WQMaYYq9aY,,Sameday,""2026-06-08 00:00:06"""
"08-06-2026 00:00:06,627,""PT  Langit Karya Utama"",""Open API"",""BNC QRIS"",a0a1048ddb0247f097636c28b6a838b6,019589710548,52000.00000000,327.90000000,Include,36.100000,51636,Success,Settled,PAYIN45443408086866747675506692,oAK9MvU4CXt2PZpSq68jhbmJw5gkanQHzueT3EYWyfDxsNVLGrFic4WQMaYapPau,,Sameday,""2026-06-08 00:00:06"""
"08-06-2026 00:00:06,627,""PT  Langit Karya Utama"",""Open API"",""BNC QRIS"",83a626d89b1a45e792b81304988e26c6,1p84b0v18463,95000.00000000,599.10000000,Include,65.900000,94335,Success,Settled,PAYIN45443339133767279279793026,q7EiKcXRen6ykHu8W2SBPoZQvD9Fzr3MJptYf4GjgVCwmshTaLUxd4WQMaYnjqGD,,Sameday,""2026-06-08 00:00:06"""
"08-06-2026 00:00:06,627,""PT  Langit Karya Utama"",""Open API"",""BNC QRIS"",7eb592984bbd45fe98c6eb11408af1a0,010000HY04N8,100000.00000000,630.60000000,Include,69.400000,99300,Success,Settled,PAYIN45443418872519484197491899,CRDAvYi4NU7GJ9LdqwjMFKyp2oSbfamZs6QVWcP3tH8Xk5uhTexzE4WQMaYwV78E,,Sameday,""2026-06-08 00:00:06"""
"08-06-2026 00:00:06,627,""PT  Langit Karya Utama"",""Open API"",""BNC QRIS"",ed6b2fee2a944e5fa318cb6ab782f5e4,1p84b0h80990,24000.00000000,151.40000000,Include,16.600000,23832,Success,Settled,PAYIN45443430771759935965593995,Vc5mRWS29hXd3fTkwUpasjvobYixrt7gENnqu4ZDFLGKAPJzeyQMC4WQMaZ2TaX7,,Sameday,""2026-06-08 00:00:06"""
"08-06-2026 00:00:06,627,""PT  Langit Karya Utama"",""Open API"",""BNC QRIS"",d10f3c9f32144a38a2102d732ac67013,019380814126,30000.00000000,189.20000000,Include,20.800000,29790,Success,Settled,PAYIN45443426617721252955768216,zKmFsQE97y3YeHLV6XUR2aTqwAn4fZvkipWur8DoNMSctJ5dBPjxh4WQMaZ3Fs2x,,Sameday,""2026-06-08 00:00:06"""
"08-06-2026 00:00:06,627,""PT  Langit Karya Utama"",""Open API"",""BNC QRIS"",6604645f183d46f4a17fe13ab1e64534,1p84b0w13815,50000.00000000,315.30000000,Include,34.700000,49650,Success,Settled,PAYIN45443416645344058116125347,ToBuCLpbUx9XFyz7jKdwtgfZhHkW8aEG65meNSPr4vqJMnRD2AiVs4WQMaZ44Auh,,Sameday,""2026-06-08 00:00:06"""
"08-06-2026 00:00:06,627,""PT  Langit Karya Utama"",""Open API"",""BNC QRIS"",de3e6179600947c7b6f4c7983aec29be,923926393035,99000.00000000,624.30000000,Include,68.700000,98307,Success,Settled,PAYIN45443424412356201064670833,4VquyvBWnNcJsFRPYazoADgfSmZ3bkpQHeM8EjK9G6Lx7twir5UC24WQMaZ6S5Dg,,Sameday,""2026-06-08 00:00:06"""
"08-06-2026 00:00:06,627,""PT  Langit Karya Utama"",""Open API"",""BNC QRIS"",4a71c87e0b444ce0afa5efff5def7778,29db04012460,25000.00000000,157.70000000,Include,17.300000,24825,Success,Settled,PAYIN45443431186996025362509439,tv2PuFEdVGie49jcTK8bU5QR3fqSsDJYWHLna7rN6mZgzMxyBwXpA4WQMaZX5GBv,,Sameday,""2026-06-08 00:00:06"""
"08-06-2026 00:00:06,627,""PT  Langit Karya Utama"",""Open API"",""BNC QRIS"",a86c4ffd38d44a98826bf5749079a504,3f7430cbc0f4,20000.00000000,126.10000000,Include,13.900000,19860,Success,Settled,PAYIN45443424650592666819129290,awHAXeysfzVTFmCRiJpE3uMnQY4LhrdbDgPjGvo8qNt6k5SZ2xBcK4WQMaZXrZ72,,Sameday,""2026-06-08 00:00:06"""
"08-06-2026 00:00:06,627,""PT  Langit Karya Utama"",""Open API"",""BNC QRIS"",edb29bfedea14c6f9bbd922ac5a09e83,1p84b0c95665,50000.00000000,315.30000000,Include,34.700000,49650,Success,Settled,PAYIN45443423558815337241935827,8YfQrHR7Vs4bgzwvPuijSXatxqpNEA59oBMyGDkLZ2mdTKnch6eJC4WQMaZX5Gbg,,Sameday,""2026-06-08 00:00:06"""
"08-06-2026 00:00:06,627,""PT  Langit Karya Utama"",""Open API"",""BNC QRIS"",348e148f60b84f508bfe52a791cf12ec,019304897897,25000.00000000,157.70000000,Include,17.300000,24825,Success,Settled,PAYIN45443433271145682312672444,GDy9UToKZiSJR6dXB25ejqg4MnQNsFVLpkWhaPmbw38cztvufHrY74WQMaZYGDSs,,Sameday,""2026-06-08 00:00:06"""
"08-06-2026 00:00:06,627,""PT  Langit Karya Utama"",""Open API"",""BNC QRIS"",5f722af5f165479fa6b4bbacc13917f7,1p84b0o56606,20000.00000000,126.10000000,Include,13.900000,19860,Success,Settled,PAYIN45443422901987331521877290,hCxQBmo7Y9iVWNz8XUDFaybSug3GetJv5pPAkcR26fK4qdjETnMwr4WQMaZdpGpq,,Sameday,""2026-06-08 00:00:06"""
"08-06-2026 00:00:06,627,""PT  Langit Karya Utama"",""Open API"",""BNC QRIS"",461ecb0b9d274d00bd1f1d7677579b0b,29d303fe5204,999900.00000000,6305.70000000,Include,693.600000,992900.7,Success,Settled,PAYIN45443417912023863557352449,nyJYTLArov8dSCZFextPp2EkiVj93DubK5sRcW4aqGNwMghXB7Qfm4WQMaZgzUPb,,Sameday,""2026-06-08 00:00:06"""
"08-06-2026 00:00:06,627,""PT  Langit Karya Utama"",""Open API"",""BNC QRIS"",562ada9a39104573b17e634413c95a10,001237188379,100000.00000000,630.60000000,Include,69.400000,99300,Success,Settled,PAYIN45443420151362765245352130,oJgwiZs8d72Q5rE6GWfLXC9bHYADvKnhkBecSt4muMVNxpUayFjq34WQMaZuiD2R,,Sameday,""2026-06-08 00:00:06"""
"08-06-2026 00:00:06,627,""PT  Langit Karya Utama"",""Open API"",""BNC QRIS"",8b5d239a4db34b919caeb46e95a24efe,019184459832,10000.00000000,63.10000000,Include,6.900000,9930,Success,Settled,PAYIN45443353372590502437848405,n5wfSqUgZYuKbBjMmW9k6yD87GzNTcdHhFoiperaJV3E2RAtXv4LP4WQMaaNYM7L,,Sameday,""2026-06-08 00:00:07"""
"08-06-2026 00:00:06,627,""PT  Langit Karya Utama"",""Open API"",""BNC QRIS"",3112ac97f35a4838a19e1a812a981439,1p84c0a84005,98000.00000000,618.00000000,Include,68.000000,97314,Success,Settled,PAYIN45443433878900337438106829,WqyjbGuhrpTscPfVKmwZ7e6oQ3iFJd5B9LgDHkazx4CMtENYAUS2X4WQMaaPjJMP,,Sameday,""2026-06-08 00:00:07"""
"08-06-2026 00:00:06,627,""PT  Langit Karya Utama"",""Open API"",""BNC QRIS"",38bb087e6cd74a50bab2e800269eb165,1p84b0u16753,30000.00000000,189.20000000,Include,20.800000,29790,Success,Settled,PAYIN45443423622988192427499516,bFdg75ZEqHxvP4Joihm3rXKBcenkfswapDMWujUtQN8RLAz62CG9S4WQMaaSWpoW,,Sameday,""2026-06-08 00:00:07"""
"08-06-2026 00:00:06,627,""PT  Langit Karya Utama"",""Open API"",""BNC QRIS"",deec716360cc467cab21181d404d9ff9,1p84b0q36002,25000.00000000,157.70000000,Include,17.300000,24825,Success,Settled,PAYIN45443421745198297194291672,mRQrd64eLF8bXjq9sEWK2HfScwVZGTio7DpJahP3yuBg5AUktCzMY4WQMaaPjHmb,,Sameday,""2026-06-08 00:00:07"""
"08-06-2026 00:00:06,627,""PT  Langit Karya Utama"",""Open API"",""BNC QRIS"",f52204a49d404c5ebc15060579a2c7e9,1p84b0o56607,50000.00000000,315.30000000,Include,34.700000,49650,Success,Settled,PAYIN45443418724460555990699948,kDBvJNKaYhMZ3euVC5LEyrzXgT6tfHqcowRi9jFbx2s4UPmpnQAdW4WQMaamCJBw,,Sameday,""2026-06-08 00:00:07"""
"08-06-2026 00:00:06,627,""PT  Langit Karya Utama"",""Open API"",""BNC QRIS"",59b47934c4004188916f734e3078e740,019240657620,50000.00000000,315.30000000,Include,34.700000,49650,Success,Settled,PAYIN45443408812061903427002310,UBaPv6hjCDrN9ep4dzSHou8mykwALtJbETxqGWc2gfRFnMKZ5QsV34WQMaaoBY4B,,Sameday,""2026-06-08 00:00:07"""
"08-06-2026 00:00:06,627,""PT  Langit Karya Utama"",""Open API"",""BNC QRIS"",9ece103a58cd4f11accd365322f6b4dd,1p84b0x07934,50000.00000000,315.30000000,Include,34.700000,49650,Success,Settled,PAYIN45443434171662755329439947,xXaeHd7CzfcvpjGrwJQTtWoY2hV3yL8BNR6gK9PibAuFsSZ54nqUk4WQMaatLxcG,,Sameday,""2026-06-08 00:00:07"""
"08-06-2026 00:00:06,627,""PT  Langit Karya Utama"",""Open API"",""BNC QRIS"",a16c289539684501a6b1b6c1d86d21f9,1p84b0s09456,10000.00000000,63.10000000,Include,6.900000,9930,Success,Settled,PAYIN45443416894905140340137103,jsAnKLFJSm9h5N7RZHavE2CgwTzr68XceYQMW3kf4VoPDiuUptyqB4WQMaau9FwG,,Sameday,""2026-06-08 00:00:07"""
"08-06-2026 00:00:06,627,""PT  Langit Karya Utama"",""Open API"",""BNC QRIS"",213c7b08a51b4e10ad694dfa9beab5a8,019536096791,26000.00000000,164.00000000,Include,18.000000,25818,Success,Settled,PAYIN45443432046828347997633412,d8HDMSehmYwU75NcpAzFtErsbjyVTfCXLB2Zuvgqa3Q9JGRPKknio4WQMab3gaFk,,Sameday,""2026-06-08 00:00:07"""
"08-06-2026 00:00:06,627,""PT  Langit Karya Utama"",""Open API"",""BNC QRIS"",e554c48151004840a42e6c2373794e6c,019418436261,50000.00000000,315.30000000,Include,34.700000,49650,Success,Settled,PAYIN45443428643989511882871290,KFDEuwt3Ps8rapmSndxecyUJh6LCVZgAi4j2HvbBMNGf9YRz5qXWT4WQMabDE9BT,,Sameday,""2026-06-08 00:00:07"""
"08-06-2026 00:00:06,627,""PT  Langit Karya Utama"",""Open API"",""BNC QRIS"",6ad9cc420159473ebe5227b68b22c7be,010000HY139Y,25000.00000000,157.70000000,Include,17.300000,24825,Success,Settled,PAYIN45443427821067061450935174,aKLcXguWDwA23tvJxCq6njrYm8kTUNBShodEy5QMZVFH7feiGs94p4WQMabYJFtJ,,Sameday,""2026-06-08 00:00:07"""
"08-06-2026 00:00:06,627,""PT  Langit Karya Utama"",""Open API"",""BNC QRIS"",a5dfb98902ea49109446c6cfa7ee47ba,1p84b0w13830,100000.00000000,630.60000000,Include,69.400000,99300,Success,Settled,PAYIN45443399837509642218711809,YuUvePy7ncrfaRsjxhQdDHpZL82TA9iNo6B43WMKXEwFVqkSmG5gC4WQMabd53Ug,,Sameday,""2026-06-08 00:00:07"""
"08-06-2026 00:00:06,627,""PT  Langit Karya Utama"",""Open API"",""BNC QRIS"",8092854204ff4bada21af646d909d250,29d003fa0207,100000.00000000,630.60000000,Include,69.400000,99300,Success,Settled,PAYIN45443415423123871311780939,KXM84Vr7DPTjmeWSph9bvdaGNQut3BZwoqY5LAzRH6JcngxyisUEC4WQMabkcMvK,,Sameday,""2026-06-08 00:00:07"""
"08-06-2026 00:00:06,627,""PT  Langit Karya Utama"",""Open API"",""BNC QRIS"",3ac7ffa95ca64257bbaa6afb6ef4a126,000303770582,50000.00000000,315.30000000,Include,34.700000,49650,Success,Settled,PAYIN45443404157223321700106996,852qHYZpsNJuxr7eTEbWQPSmtMLgADdGVR6FwUzjBK4k3nhXoycfi4WQMabsm3EC,,Sameday,""2026-06-08 00:00:07"""
"08-06-2026 00:00:06,627,""PT  Langit Karya Utama"",""Open API"",""BNC QRIS"",4fb660420d5d4a0e8aff7398e63af8ae,606474063674,50000.00000000,315.30000000,Include,34.700000,49650,Success,Settled,PAYIN45443429856143362469196047,GhcqBRNUzvfgxouAdLkjpebsJKaDr4YtHm7SCEWQy9wMi8VXF65Z24WQMacBqu4F,,Sameday,""2026-06-08 00:00:07"""
"08-06-2026 00:00:06,627,""PT  Langit Karya Utama"",""Open API"",""BNC QRIS"",820800a9597d44df8a9f8749d1cfd88b,019376151124,35000.00000000,220.70000000,Include,24.300000,34755,Success,Settled,PAYIN45443415262901453227560686,VRGywWFoB9K3AMS24NrgL5jQfTkunHPqs8zXpthecUJaCvYbD67xi4WQMacHodEW,,Sameday,""2026-06-08 00:00:07"""
"08-06-2026 00:00:06,627,""PT  Langit Karya Utama"",""Open API"",""BNC QRIS"",f1662505edc1471abc8906564ec07e4e,019335559831,50000.00000000,315.30000000,Include,34.700000,49650,Success,Settled,PAYIN45443429824686092666549801,wRvJ3KXb5ion7LaUtSCZ4zkE6Yqj2WfVpcAP9QGmMyhNHesFDuxBT4WQMacZhZU6,,Sameday,""2026-06-08 00:00:07"""
"08-06-2026 00:00:06,627,""PT  Langit Karya Utama"",""Open API"",""BNC QRIS"",3b194fa1ca704b1e838fbafe086ef3d3,1p84b0u16751,30000.00000000,189.20000000,Include,20.800000,29790,Success,Settled,PAYIN45443429776032163253907797,rySbzap8XDFUM9dPwLBhRQC6qtiH3Gv4ZkWVm7AcYjoEK2efTugNJ4WQMackphCo,,Sameday,""2026-06-08 00:00:07"""
"08-06-2026 00:00:06,627,""PT  Langit Karya Utama"",""Open API"",""BNC QRIS"",50c74ea9c3324217adbb3361c68054f8,019456033406,25000.00000000,157.70000000,Include,17.300000,24825,Success,Settled,PAYIN45443425499100366843661891,ZpGtSFBY9yNCkHfLcmMwbqsPEVKa6Rz3TWngx7ih5oAeuD8Q4vJ2j4WQMacn2eBx,,Sameday,""2026-06-08 00:00:07"""
"08-06-2026 00:00:06,627,""PT  Langit Karya Utama"",""Open API"",""BNC QRIS"",8ed0a1b3e813494f866300df29a8e691,001237188394,99000.00000000,624.30000000,Include,68.700000,98307,Success,Settled,PAYIN45443422171339583359136762,yrvnQs4C5XjZpwRkzoEAg8fGWheKTP97MUDL3mY2ScBbqdJtViaNx4WQMacn2epU,,Sameday,""2026-06-08 00:00:07"""
"08-06-2026 00:00:06,627,""PT  Langit Karya Utama"",""Open API"",""BNC QRIS"",44a2a7c6f00742ef869a8941dc942c95,010000HY13B1,100000.00000000,630.60000000,Include,69.400000,99300,Success,Settled,PAYIN45443434078968634832131450,dzrXguTp3WkLKiEUFqonfP4JB8th9GxZRvmHD7MC2wyVNYsa6bA5e4WQMad3idnU,,Sameday,""2026-06-08 00:00:07"""
"08-06-2026 00:00:07,627,""PT  Langit Karya Utama"",""Open API"",""BNC QRIS"",4287a46a45e94e82be3098a9297a9e1e,1p84b0u16754,35000.00000000,220.70000000,Include,24.300000,34755,Success,Settled,PAYIN45443428832733192816959859,WgKVAcxR2NGQa9sF75f6ZbEP8oqe4zuUvhpwDiHMXBYdkmSntTyrL4WQMadCTtTD,,Sameday,""2026-06-08 00:00:07"""
"08-06-2026 00:00:07,627,""PT  Langit Karya Utama"",""Open API"",""BNC QRIS"",006ccea5af004820a725f6b47e307834,606474063669,20000.00000000,126.10000000,Include,13.900000,19860,Success,Settled,PAYIN45443416509029172048831117,x2mXGnBFqjv3RzsYPw6L7EWAuhkJcbT89VNtfMrigSo5aQ4pyDeCH4WQMadGSPoQ,,Sameday,""2026-06-08 00:00:07"""
"08-06-2026 00:00:07,627,""PT  Langit Karya Utama"",""Open API"",""BNC QRIS"",4d56e31c1a8a42fcad4b0e1435150ae4,1p84b5v92377,55000.00000000,346.80000000,Include,38.200000,54615,Success,Settled,PAYIN45443403904726225736362547,9xhvgKHUJNbFAZz8frBqo3cR5kypQMetTSXWwsVDmEinaduYGL27j4WQMadNQ75d,,Sameday,""2026-06-08 00:00:07"""
"08-06-2026 00:00:07,627,""PT  Langit Karya Utama"",""Open API"",""BNC QRIS"",1e77d8887aa6454e88fe56806e05e289,019388330480,10000.00000000,63.10000000,Include,6.900000,9930,Success,Settled,PAYIN45443414850601376791363137,XfcndKo8tF6LwiBPm5ECq9vgSHbzrJuTGs4YVNxQy7jkaAWUZMep24WQMadZ8czM,,Sameday,""2026-06-08 00:00:07"""
"08-06-2026 00:00:06,627,""PT  Langit Karya Utama"",""Open API"",""BNC QRIS"",c3e8497b922947ecba89d56239ba08be,1p84b0c95667,50000.00000000,315.30000000,Include,34.700000,49650,Success,Settled,PAYIN45443413540300805574691610,sDt5cGTpQ6RXexANWEBrHn9vq4jo8KdVPJfbugamMLU2zhk37wSFi4WQMadYiwsm,,Sameday,""2026-06-08 00:00:07"""
"08-06-2026 00:00:06,627,""PT  Langit Karya Utama"",""Open API"",""BNC QRIS"",1a9ee550f5584752bc0b1fc03f7e8d5e,1p84b0599050,20000.00000000,126.10000000,Include,13.900000,19860,Success,Settled,PAYIN45443418284897491653119471,5LvVthgf8xn7sWuzYQN4koTB3UmGEDbXAjZ6crHSaMPepRdKw2iJy4WQMadso6TA,,Sameday,""2026-06-08 00:00:07"""
"08-06-2026 00:00:07,627,""PT  Langit Karya Utama"",""Open API"",""BNC QRIS"",0095a69524954502adf47e1fc58f9259,019361584739,25000.00000000,157.70000000,Include,17.300000,24825,Success,Settled,PAYIN45443418109575582199571755,yP352GLg4ieVxEQfTqDthrA8wzjbKYNnUZpd7vXomR6uFMHJS9ckC4WQMae97RYx,,Sameday,""2026-06-08 00:00:07"""
"08-06-2026 00:00:07,627,""PT  Langit Karya Utama"",""Open API"",""BNC QRIS"",1743c6a98d9d4a0ab3328353293c30eb,000303770820,25000.00000000,157.70000000,Include,17.300000,24825,Success,Settled,PAYIN45443421603430813218094588,mCqfrc9YhoAPdiBeJXj2ZtWz5xV3QHnUsFvKpN6uyMk7RTEDGbawS4WQMaeD5uFE,,Sameday,""2026-06-08 00:00:07"""
"08-06-2026 00:00:07,627,""PT  Langit Karya Utama"",""Open API"",""BNC QRIS"",9797b6eec4ff432f863f3fff0eb71d3c,29c704003177,100000.00000000,630.60000000,Include,69.400000,99300,Success,Settled,PAYIN45443393272165581553770259,XL8q7ceD9UBbWKAwmCVZznJGMj5SkrsYfQhaNuTyFixo2Epv3dgPt4WQMaeCgFSL,,Sameday,""2026-06-08 00:00:07"""
"08-06-2026 00:00:07,627,""PT  Langit Karya Utama"",""Open API"",""BNC QRIS"",0f63eaf6389d42b78602865dc98e313b,1p84brq97346,50000.00000000,315.30000000,Include,34.700000,49650,Success,Settled,PAYIN45443424796973881566404121,aLxM7VXG9c3TDWPnz6qivo2RY8rNfSeCdQU4HJgmuFswhbt5jEKBp4WQMaeGG6BZ,,Sameday,""2026-06-08 00:00:07"""
"08-06-2026 00:00:07,627,""PT  Langit Karya Utama"",""Open API"",""BNC QRIS"",b4117051634249baaef357daae26a405,61c632ee6391,21000.00000000,132.40000000,Include,14.600000,20853,Success,Settled,PAYIN45443401933822776609831095,ygoBCQTWLzSP7ibuR4KwXHx95U3nJdjVkMcvmqDE2Zf8tFAeYGNas4WQMaeLdEVh,,Sameday,""2026-06-08 00:00:07"""
"08-06-2026 00:00:07,627,""PT  Langit Karya Utama"",""Open API"",""BNC QRIS"",0526018ca8c143c0872e08c10d7b0c87,1p84b0n41488,20000.00000000,126.10000000,Include,13.900000,19860,Success,Settled,PAYIN45443425673163984693330430,FKfQCJkd68gnSB95pTv2jos7MXGERVehN3zrucHUWZmyaqLbt4DPw4WQMaeVm95J,,Sameday,""2026-06-08 00:00:07"""
"08-06-2026 00:00:07,627,""PT  Langit Karya Utama"",""Open API"",""BNC QRIS"",bcc6039ace964a0c8271e05121c1f291,1p84b0k54185,10000.00000000,63.10000000,Include,6.900000,9930,Success,Settled,PAYIN45443430199656862552791161,7nL2owrk8SpQ3jJhbFfvEPqtCYyD9M5zmscTudRg6UXABieaxZKGV4WQMaeWAmn8,,Sameday,""2026-06-08 00:00:07"""
"08-06-2026 00:00:07,627,""PT  Langit Karya Utama"",""Open API"",""BNC QRIS"",b4c8c94a8fa34dada05d17e6d7f56212,001237188397,30000.00000000,189.20000000,Include,20.800000,29790,Success,Settled,PAYIN45443426645403653166129619,GvZNPrCKafcxM6TXWmBhpkSw8UoL2tbJDy7Riz3VAjYFdH5eQng4E4WQMaeXkN8c,,Sameday,""2026-06-08 00:00:07"""
"08-06-2026 00:00:07,627,""PT  Langit Karya Utama"",""Open API"",""BNC QRIS"",40747a1b46864e8a8897ff8a0529940a,29db04013896,500000.00000000,3153.20000000,Include,346.800000,496500,Success,Settled,PAYIN45443416114345175468505822,YjGZXU6fQCqaPeJNb3Hir9osMBwKgRnSWduL2cxhVp87FTtyDvEA44WQMaecuoY7,,Sameday,""2026-06-08 00:00:07"""
"08-06-2026 00:00:07,627,""PT  Langit Karya Utama"",""Open API"",""BNC QRIS"",f01f2838259c408e90cdfd98605bab19,1p84b0v18472,60000.00000000,378.40000000,Include,41.600000,59580,Success,Settled,PAYIN45443430550720102512456016,rimSUZBefuj2vonYbMh9pNEFdQCRX7PW8gTD6KJAykxcwHasG3V5t4WQMaefhM3L,,Sameday,""2026-06-08 00:00:07"""
"08-06-2026 00:00:07,627,""PT  Langit Karya Utama"",""Open API"",""BNC QRIS"",2b20e7a6864b4b1cab7bc6365c38bc20,019979749058,50000.00000000,315.30000000,Include,34.700000,49650,Success,Settled,PAYIN45443432811869397789948214,N7Rt6QkHgD2FLZ35MPbSBwf9iXc8xsymrUoqAz4JWTnhuGYvjdVKe4WQMaegVdCW,,Sameday,""2026-06-08 00:00:07"""
"08-06-2026 00:00:07,627,""PT  Langit Karya Utama"",""Open API"",""BNC QRIS"",6fff415862cc48738f1fc3e18169ddd2,29e704067061,25000.00000000,157.70000000,Include,17.300000,24825,Success,Settled,PAYIN45443405435647188751400876,4uWqyM2wdjGJoBQHvAxfaeLpCnkTUPKbgishzNZmS67F9XrDY5cE34WQMaefhLCm,,Sameday,""2026-06-08 00:00:07"""
"08-06-2026 00:00:07,627,""PT  Langit Karya Utama"",""Open API"",""BNC QRIS"",efe251ff686e472b87d0bfedeba4615e,1p84b0k54186,50000.00000000,315.30000000,Include,34.700000,49650,Success,Settled,PAYIN45443431676890731366121293,8NvGjugkXThY4SbEWqaio9JsUpHz5RCyD36AmtVPcrfBQ2xwenKdM4WQMaeg6yWH,,Sameday,""2026-06-08 00:00:07"""
"08-06-2026 00:00:07,627,""PT  Langit Karya Utama"",""Open API"",""BNC QRIS"",c64255a370ff4014ad6c7c4faa0bc3da,1p84b0p30751,29000.00000000,182.90000000,Include,20.100000,28797,Success,Settled,PAYIN45443413817124870025101889,YSfRBPyU56oTszqr72xjK8iatCQbLcHZeJnVXguDW9dk3MFGAmpvh4WQMaeisWpR,,Sameday,""2026-06-08 00:00:07"""
"08-06-2026 00:00:07,627,""PT  Langit Karya Utama"",""Open API"",""BNC QRIS"",4af4b2f62d2d4ebca662a7e0fa691272,1p84b0b85149,50000.00000000,315.30000000,Include,34.700000,49650,Success,Settled,PAYIN45443432527915020420006877,VkGKCJz9EsZqwHF8AmxYdUtpi3WRb2N67XjoBSvL5MgnQ4earuyhT4WQMaeisXM8,,Sameday,""2026-06-08 00:00:07"""
"08-06-2026 00:00:07,627,""PT  Langit Karya Utama"",""Open API"",""BNC QRIS"",80629381c7ce4c5e9a23ab5aeb5c2241,1p84b0c95679,30000.00000000,189.20000000,Include,20.800000,29790,Success,Settled,PAYIN45443431941551320147864597,ncrp5EaCtgsGfwFoLu34AqBViPk6Dv8hzemW2jSdRQN9TUbZYxJ7K4WQMaejfp9W,,Sameday,""2026-06-08 00:00:07"""
"08-06-2026 00:00:07,627,""PT  Langit Karya Utama"",""Open API"",""BNC QRIS"",f220e36f465e4f9dad717d66a9074f6c,1p84b0c95678,29000.00000000,182.90000000,Include,20.100000,28797,Success,Settled,PAYIN45443408476517592460006248,mhqvRd7knsxaGQe4AXT8NripFVf5tKWYJMogE9LyPz2UCjH6bBwDu4WQMaekrkwV,,Sameday,""2026-06-08 00:00:07"""
"08-06-2026 00:00:07,627,""PT  Langit Karya Utama"",""Open API"",""BNC QRIS"",0036ea718d714ee0b1eb99c104f29cd2,019535597315,100000.00000000,630.60000000,Include,69.400000,99300,Success,Settled,PAYIN45443421810629435155125447,ZTBmcCMStiehfau2jwzUFsvLbRP9XArNDky4dpGJVQno75g36HqEx4WQMaeqdYAc,,Sameday,""2026-06-08 00:00:07"""
"08-06-2026 00:00:07,627,""PT  Langit Karya Utama"",""Open API"",""BNC QRIS"",5443f6d09a284cf38329144221ee613f,610800000122,200000.00000000,1261.30000000,Include,138.700000,198600,Success,Settled,PAYIN45443421995178809874748072,DQsfrh3Wx79dVL5UKaJo2FSjbkBwvemG6NYRnZc4MptACXzPyEi8u4WQMaesE9Ys,,Sameday,""2026-06-08 00:00:07"""
"08-06-2026 00:00:07,627,""PT  Langit Karya Utama"",""Open API"",""BNC QRIS"",ea5809e0eb014cdfbda3c817aa6ff38b,1p84b0c95684,24000.00000000,151.40000000,Include,16.600000,23832,Success,Settled,PAYIN45443433255626758642785269,cmKNhJnU2edWT9SfzPvyX7iM6xQqrs45BVGEgtb8LDFwjYkHZp3oA4WQMaevnxfE,,Sameday,""2026-06-08 00:00:07"""
"08-06-2026 00:00:07,627,""PT  Langit Karya Utama"",""Open API"",""BNC QRIS"",f702b7eb9d5b4dd49356d202ed0859b7,1p84b0v18473,79000.00000000,498.20000000,Include,54.800000,78447,Success,Settled,PAYIN45443418572207318061229475,vSy5gkzuKQAhfJXZYNbBas7VxmEqeR4wLMjdpDn3PCG8iHUoWFt2c4WQMaf7LXKq,,Sameday,""2026-06-08 00:00:07"""
"08-06-2026 00:00:07,627,""PT  Langit Karya Utama"",""Open API"",""BNC QRIS"",3bcca9f31ce24962ba4ca2962dbb5cba,1p84b0r27072,300000.00000000,1891.90000000,Include,208.100000,297900,Success,Settled,PAYIN45443433404105120811665579,8sgPv3W9G6LAXEw7m4SYMCyaUZrx5eTcKkJdzqFhtVuoDjfBR2QpH4WQMafJrKp8,,Sameday,""2026-06-08 00:00:07"""
"08-06-2026 00:00:07,627,""PT  Langit Karya Utama"",""Open API"",""BNC QRIS"",66f46f9167f9471fab0d9787296baa89,1p84b0v18474,97000.00000000,611.70000000,Include,67.300000,96321,Success,Settled,PAYIN45443408387178907913848868,3Aco8H6LSwhgm4nTfFZtevzYErGRCb5UDX79sBJpyNdkPQMWKxaqj4WQMag7Ysab,,Sameday,""2026-06-08 00:00:07"""
"08-06-2026 00:00:07,627,""PT  Langit Karya Utama"",""Open API"",""BNC QRIS"",e0b605d685304e4f9bb5ec36ce611b80,001237188414,50000.00000000,315.30000000,Include,34.700000,49650,Success,Settled,PAYIN45443432407957916070504141,8DZA7wR9fWCi5cEnUV2tMeNSb3GaPd4hTYJLXpsjogu6ByxmqkKrH4WQMag9vm6N,,Sameday,""2026-06-08 00:00:07"""
"08-06-2026 00:00:07,627,""PT  Langit Karya Utama"",""Open API"",""BNC QRIS"",4f163a337cd24343ad728d68c8c2b0f0,019291687134,50000.00000000,315.30000000,Include,34.700000,49650,Success,Settled,PAYIN45443409317056104013040963,K4LDojGWk7cgHpVrtY6mdxN23ubhBAReinFSQfaZ8EUsX5yzMC9Jv4WQMagF7CVw,,Sameday,""2026-06-08 00:00:07"""
"08-06-2026 00:00:07,627,""PT  Langit Karya Utama"",""Open API"",""BNC QRIS"",cad3c1b95d864c67af975bce3bfa2861,010000HY13BW,29000.00000000,182.90000000,Include,20.100000,28797,Success,Settled,PAYIN45443432384889245769958403,gHJUAEimpVfjNhbTqzQykFt9BCerocsMKPRXx4SGLDnZ32d6a7vuw4WQMageYTHT,,Sameday,""2026-06-08 00:00:07"""
"08-06-2026 00:00:07,627,""PT  Langit Karya Utama"",""Open API"",""BNC QRIS"",90681a66f5ea43b0a8e32fca323da979,019516508510,50000.00000000,315.30000000,Include,34.700000,49650,Success,Settled,PAYIN45443433414590882181212670,jocptM2ZnavgeySdwkUATPiQfCbzr4Y8Jx3hBm9VKuDNq7R6HELGF4WQMagew7N8,,Sameday,""2026-06-08 00:00:07"""
"08-06-2026 00:00:07,627,""PT  Langit Karya Utama"",""Open API"",""BNC QRIS"",2604e1303e2f4ecdb2d2e963ee65f301,1p84b0q36018,25000.00000000,157.70000000,Include,17.300000,24825,Success,Settled,PAYIN45443423388946035257831592,eUHnYPf9kDKCQoaWdBtRqgzGXMsL74Ewipc2u8bSNvr56TAZxVmh34WQMagk7X8e,,Sameday,""2026-06-08 00:00:07"""
"08-06-2026 00:00:07,627,""PT  Langit Karya Utama"",""Open API"",""BNC QRIS"",7e7fc7748c56441aad99aca4ec7e439b,010000HY13CB,50000.00000000,315.30000000,Include,34.700000,49650,Success,Settled,PAYIN45443423007264360328291091,kBGEac8wVTsgDxR56JfQp7LUdSzhYNutZvyCj3HoAK2mrM9iPFqnb4WQMagmh7oP,,Sameday,""2026-06-08 00:00:07"""
"08-06-2026 00:00:07,627,""PT  Langit Karya Utama"",""Open API"",""BNC QRIS"",d489b6e4546647d1a57226b1e4dc760f,019267747399,88000.00000000,555.00000000,Include,61.000000,87384,Success,Settled,PAYIN45443419808688135283179413,qrmfjRFCaxTgAvzbpGoukiSB3D7VywZ9XMhdQJPsWn84HtEUYL6eK4WQMagnVRPX,,Sameday,""2026-06-08 00:00:07"""
"08-06-2026 00:00:07,627,""PT  Langit Karya Utama"",""Open API"",""BNC QRIS"",e5f39c0a31aa4b2baff26fd2c0b088e7,1p84b0q36020,25000.00000000,157.70000000,Include,17.300000,24825,Success,Settled,PAYIN45443429299139789990539279,6aJ3zkEdxs8AnFNmyubPjWMq27QYVeKrRSvUC5cigZpXowThG9fBt4WQMagn6m2k,,Sameday,""2026-06-08 00:00:07"""
"08-06-2026 00:00:07,627,""PT  Langit Karya Utama"",""Open API"",""BNC QRIS"",8d7c70d776ca475cb890c8a11211e2d9,010000HY13BS,20000.00000000,126.10000000,Include,13.900000,19860,Success,Settled,PAYIN45443432538400774269893808,LAB2dzjJoUvYENc5QXMqsubSrZ7KFmkfD9ih3gTx8pCHnaVeWt6Gw4WQMagvq2v2,,Sameday,""2026-06-08 00:00:07"""
"08-06-2026 00:00:07,627,""PT  Langit Karya Utama"",""Open API"",""BNC QRIS"",2c4f236572a546178ac161a7951f356a,1p84b0o56620,500000.00000000,3153.20000000,Include,346.800000,496500,Success,Settled,PAYIN45443432490166277494352867,jWmKFAuN7nRwt63gVHz4osYJEfibd9ZCBhXpavcLU8yq5GQMPSrek4WQMagvq3rP,,Sameday,""2026-06-08 00:00:07"""
"08-06-2026 00:00:07,627,""PT  Langit Karya Utama"",""Open API"",""BNC QRIS"",46d5d46b21094e8bb61935393f043a03,000303771146,17000.00000000,107.20000000,Include,11.800000,16881,Success,Settled,PAYIN45443430448379097605130270,MYaxWZHmsdrJbtKT7fpSvQERNyFX34ejBL2wnh9guUV5GkPD6zcA84WQMagz2EHK,,Sameday,""2026-06-08 00:00:07"""
"08-06-2026 00:00:07,627,""PT  Langit Karya Utama"",""Open API"",""BNC QRIS"",89f13c0247ea43099f2571d108ea4359,019425900102,30000.00000000,189.20000000,Include,20.800000,29790,Success,Settled,PAYIN45443423795374089580780557,ohCwmSGrPLAvVKU5aRFks87nufMB2JzjytEecY4iWpH9bQ3qDd6Nx4WQMagz2DhY,,Sameday,""2026-06-08 00:00:07"""
"08-06-2026 00:00:07,627,""PT  Langit Karya Utama"",""Open API"",""BNC QRIS"",1f66348542ea4e1599e0b9cdfb34636f,1p84b0599059,19000.00000000,119.80000000,Include,13.200000,18867,Success,Settled,PAYIN45443419610297549810376794,or8HJVGqyTN2Z6hbdfpwnExsC7LiSzBvAKDjgX3k9aWM4cuPQYteF4WQMagzQsRa,,Sameday,""2026-06-08 00:00:07"""
"08-06-2026 00:00:07,627,""PT  Langit Karya Utama"",""Open API"",""BNC QRIS"",e73eb8bcd52247d9a4fec735c3dc5830,1p84b0w13844,25000.00000000,157.70000000,Include,17.300000,24825,Success,Settled,PAYIN45443432413829943587206644,HGA4NsVoFZwidge28MUKJhCx7yfBpkzcEt3rRDWLYmuTPn9Xab65Q4WQMahGWVi2,,Sameday,""2026-06-08 00:00:07"""
"08-06-2026 00:00:07,627,""PT  Langit Karya Utama"",""Open API"",""BNC QRIS"",a40135ad4c00448fb96aee5d6620988a,019440096645,50000.00000000,315.30000000,Include,34.700000,49650,Success,Settled,PAYIN45443431714639470070277629,SyVTriN5BevRUmnJCjt6MsLWHkhXb8gAZxEwoq9uYP23fzF4GpQ7d4WQMahURwza,,Sameday,""2026-06-08 00:00:08"""
"08-06-2026 00:00:07,627,""PT  Langit Karya Utama"",""Open API"",""BNC QRIS"",778945f55f454c058f3fa724471ca56b,019313990085,100000.00000000,630.60000000,Include,69.400000,99300,Success,Settled,PAYIN45443431945326192212571091,2Q4ErTokhR6yAdx5pwjtW3sZMznNLDeCfiPXHbVuSUBKc7FGqm8Ya4WQMahfwkVG,,Sameday,""2026-06-08 00:00:08"""
"08-06-2026 00:00:07,627,""PT  Langit Karya Utama"",""Open API"",""BNC QRIS"",6bbcdc1e2d104dc8b87c4464b387e63c,000303771157,40000.00000000,252.30000000,Include,27.700000,39720,Success,Settled,PAYIN45443412235452827920711233,Xd4KmRyMsBC2oJFHUhYikawx3GjAfEcLWQp5zVrv9DqbTe6gut7Sn4WQMahm8B2P,,Sameday,""2026-06-08 00:00:08"""
"08-06-2026 00:00:07,627,""PT  Langit Karya Utama"",""Open API"",""BNC QRIS"",cddf0feb991a4517845e21e18d937cf9,000303771158,50000.00000000,315.30000000,Include,34.700000,49650,Success,Settled,PAYIN45443416932234455295806529,4itQUkc6E7XoHrzxVFKnYhqdWmDyMPGs5Ta3fZAvCpRgwj28LJeuN4WQMaiQHAop,,Sameday,""2026-06-08 00:00:08"""
"08-06-2026 00:00:07,627,""PT  Langit Karya Utama"",""Open API"",""BNC QRIS"",27c5a71918bf4323a003e2cc0b3af18e,019228102068,21000.00000000,132.40000000,Include,14.600000,20853,Success,Settled,PAYIN45443397222780528818179386,xNGa5dz4D8wgMHLSn2mBkc3hUAy7QuEqWTvtf6ePKoVFpjRrbXsCi4WQMaiVSc5X,,Sameday,""2026-06-08 00:00:08"""
"08-06-2026 00:00:07,627,""PT  Langit Karya Utama"",""Open API"",""BNC QRIS"",2c8138f18235414f8989b6ee8dd50d2b,019403599023,50000.00000000,315.30000000,Include,34.700000,49650,Success,Settled,PAYIN45443408154814472698094275,zy2jpnB4tY7ksFixPaeVQDMcZoRb5hEA9uJqLXvCGWKfTr3HmS8dU4WQMaidPa3z,,Sameday,""2026-06-08 00:00:08"""
"08-06-2026 00:00:07,627,""PT  Langit Karya Utama"",""Open API"",""BNC QRIS"",ca063131aae240c8833b840c7fc35323,019197313249,25000.00000000,157.70000000,Include,17.300000,24825,Success,Settled,PAYIN45443415558180455598907664,DkSv2JXLZyfVo5FR7wYx9PzHhtbngWeiNBac6pMQAGjrKu8dsEC4T4WQMain8q8N,,Sameday,""2026-06-08 00:00:08"""
"08-06-2026 00:00:07,627,""PT  Langit Karya Utama"",""Open API"",""BNC QRIS"",0c38a29b690d4191877c854aefb0d14c,606484063705,50000.00000000,315.30000000,Include,34.700000,49650,Success,Settled,PAYIN45443432995579906574901793,idoEvQUXBypzF3wLc2CKPGbY6Nt4kfs75xeuhJr98RTjSnaZHDVWm4WQMaioKksX,,Sameday,""2026-06-08 00:00:08"""
"08-06-2026 00:00:07,627,""PT  Langit Karya Utama"",""Open API"",""BNC QRIS"",5e7a501f71ee4bc78e8d94e8f58523f7,1p84b5v92388,100000.00000000,630.60000000,Include,69.400000,99300,Success,Settled,PAYIN45443429266424227542033933,Gu9UBdp5CzKWMmHorFnLNXg7xSPkQ4h6cEZqA8RJteaDsbwyijTvY4WQMaj7oJfQ,,Sameday,""2026-06-08 00:00:08"""
"08-06-2026 00:00:07,627,""PT  Langit Karya Utama"",""Open API"",""BNC QRIS"",0a4a3d81612743098fdebf99bbed2b64,010000HY13CT,50000.00000000,315.30000000,Include,34.700000,49650,Success,Settled,PAYIN45443431715897760222503503,FTrCbJz7AoHBXYZWKtpvL264yPjdVRQ5SxEeqGDNu3cwmshfUiM9g4WQMajHLrLo,,Sameday,""2026-06-08 00:00:08"""
"08-06-2026 00:00:07,627,""PT  Langit Karya Utama"",""Open API"",""BNC QRIS"",106b84b39f0b4ebaba7c357e4d5ccb48,1p84c0e58112,100000.00000000,630.60000000,Include,69.400000,99300,Success,Settled,PAYIN45443422429708699762858390,TSV5b8pndj43yZFwXqm7RJDtH2NxC9o6gsAcWQEGLhYrzPMueBaUf4WQMajJvT7G,,Sameday,""2026-06-08 00:00:08"""
"08-06-2026 00:00:07,627,""PT  Langit Karya Utama"",""Open API"",""BNC QRIS"",4b18d74e9e274a2a85fe8b73c461175c,1p84c0a84018,100000.00000000,630.60000000,Include,69.400000,99300,Success,Settled,PAYIN45443419082654107759047040,bz4WrsXcJvphH8PVwkUCTZj9q67RLuo3YQfyBGangmM2exAdi5FtD4WQMajNWGzC,,Sameday,""2026-06-08 00:00:08"""
"08-06-2026 00:00:07,627,""PT  Langit Karya Utama"",""Open API"",""BNC QRIS"",23723440fa7746c9889f9a76b1425b40,019364138312,20000.00000000,126.10000000,Include,13.900000,19860,Success,Settled,PAYIN45443422592867131908923616,PqUusyS7ce3x9QDAKg8rBVjXRZE6MH5kpT4GCift2nWJmFYoNhdLv4WQMajaRik3,,Sameday,""2026-06-08 00:00:08"""
"08-06-2026 00:00:07,627,""PT  Langit Karya Utama"",""Open API"",""BNC QRIS"",ac51f75750a24038b63731f056b8de56,010000HY13D6,100000.00000000,630.60000000,Include,69.400000,99300,Success,Settled,PAYIN45443408750405639057549228,jR3sphtZgHwXNMcSvnFJQY87eWk9AfCTidG26myquDoUbBE45xPLK4WQMajpLRMA,,Sameday,""2026-06-08 00:00:08"""
"08-06-2026 00:00:07,627,""PT  Langit Karya Utama"",""Open API"",""BNC QRIS"",32582aaed26f4394af25c1aba3ce4f3a,1p84b0u16768,471486.00000000,2973.30000000,Include,327.100000,468185.6,Success,Settled,PAYIN45443428512288362008428024,3Q5rbWzovBahGA8VLE2ui7UxtfZmwPYFsHyk6XCcnMeDTd4jNqpKS4WQMakBz8mL,,Sameday,""2026-06-08 00:00:08"""
"08-06-2026 00:00:08,627,""PT  Langit Karya Utama"",""Open API"",""BNC QRIS"",0859d852a00d4d4a80133b2c604b9b33,1p84brq97352,50000.00000000,315.30000000,Include,34.700000,49650,Success,Settled,PAYIN45443428040429162080125871,ceMDBmxpHX7ZENbsUofGrRKd5jPyV4aAL9JSqTFkg2znQv6w3Ytih4WQMakKw6hp,,Sameday,""2026-06-08 00:00:08"""
"08-06-2026 00:00:08,627,""PT  Langit Karya Utama"",""Open API"",""BNC QRIS"",8af8553934534408ad9448aa08409013,1p84b0j32854,10000.00000000,63.10000000,Include,6.900000,9930,Success,Settled,PAYIN45443428430918865623123138,7zaP2eXdqLMDEwKTWf8Up54VR9ZjbkmvYcNhFsrHtxu3BoiyQSGnJ4WQMakPWwDQ,,Sameday,""2026-06-08 00:00:08"""
"08-06-2026 00:00:08,627,""PT  Langit Karya Utama"",""Open API"",""BNC QRIS"",2d2a6d67ffe14ef79dcf99e4f790cf42,010000HY13DJ,50000.00000000,315.30000000,Include,34.700000,49650,Success,Settled,PAYIN45443430983572287490770964,cL6jr2oxi7q4yHf3Wsmba8tJCvKh9nugdNAkQGpYSDTEzMwXFBUeP4WQMakiCQg8,,Sameday,""2026-06-08 00:00:08"""
"08-06-2026 00:00:08,627,""PT  Langit Karya Utama"",""Open API"",""BNC QRIS"",77278886808646eda61d05695a094bdb,1p84b0f76479,43333.00000000,273.20000000,Include,30.100000,43029.7,Success,Settled,PAYIN45443391292034666772780503,zLupPixdmbYNF2oHDXU8srSyqhacWvCjkBVf7GK9Q65E3etMZAn4T4WQMakjPMbH,,Sameday,""2026-06-08 00:00:08"""
"08-06-2026 00:00:08,627,""PT  Langit Karya Utama"",""Open API"",""BNC QRIS"",86630b6995ad4dd28b4b5df115a9007e,1p84b0y01904,50000.00000000,315.30000000,Include,34.700000,49650,Success,Settled,PAYIN45443434234996748732835993,AECjNZF8qVmD6UwpG5HWsx3bYoJduyaeR7vBftP4XgkLScr9hTnK24WQMaksiwvx,,Sameday,""2026-06-08 00:00:08"""
"08-06-2026 00:00:08,627,""PT  Langit Karya Utama"",""Open API"",""BNC QRIS"",a17d8fa9fa26425b9b0232d88520a983,019326912614,110000.00000000,693.70000000,Include,76.300000,109230,Success,Settled,PAYIN45443401870908223463279472,MzxCijvqnAdYQLk6rcXwhba7BFte9g8HfZSGUKWJRsPmVTuE2opNy4WQMakxtP2x,,Sameday,""2026-06-08 00:00:08"""
"08-06-2026 00:00:08,627,""PT  Langit Karya Utama"",""Open API"",""BNC QRIS"",73aaa4c1a3f147dca667934f45242257,d1681a5b30fa,22000.00000000,138.70000000,Include,15.300000,21846,Success,Settled,PAYIN45443406900717570679924600,BgisnZ6o8HJm4PGVqTh2tzwxdQYLXjE79Cef5FcNr3RkyuSDbMAKv4WQMamCc96Y,,Sameday,""2026-06-08 00:00:08"""
"08-06-2026 00:00:08,627,""PT  Langit Karya Utama"",""Open API"",""BNC QRIS"",7f7a5f03418b4c5d8aa642a37676f92e,1p84brq97354,27000.00000000,170.30000000,Include,18.700000,26811,Success,Settled,PAYIN45443431860181812642765980,fxagCWRhw4UXJnuNbEeHqs2zd3k7LYAcPDiKyGQotVTmp89Zr6Bj54WQMamEz37k,,Sameday,""2026-06-08 00:00:08"""
"08-06-2026 00:00:08,627,""PT  Langit Karya Utama"",""Open API"",""BNC QRIS"",5e55d6f497ed4070adef527096eef21b,790344580467,33000.00000000,208.10000000,Include,22.900000,32769,Success,Settled,PAYIN45443428656991846578990444,JmDUpae2TE3jzR9f4cZGMA5rubvqd6iCS8FosLVnhkYHgXWxNPtBQ4WQMamRiXbK,,Sameday,""2026-06-08 00:00:08"""
"08-06-2026 00:00:08,627,""PT  Langit Karya Utama"",""Open API"",""BNC QRIS"",6f45429028ff4f66b5db7e2de525b699,019320827787,91000.00000000,573.90000000,Include,63.100000,90363,Success,Settled,PAYIN45443431778812320146748965,iqbzUaEpZKJC5t8nVu39FNdcAXLxsrvGMwQR4ehoYTHkg6SDBP2j74WQMamddxos,,Sameday,""2026-06-08 00:00:08"""
"08-06-2026 00:00:08,627,""PT  Langit Karya Utama"",""Open API"",""BNC QRIS"",ebbbec1613414861aca79b9c3134fade,1p84c0e58115,50000.00000000,315.30000000,Include,34.700000,49650,Success,Settled,PAYIN45443418950114100271106660,TSJtVBE8CLkoAfbZmHNxRQy5uF6zhcP2qvMDdwUi3G7eWKY4srngX4WQMamhcTu5,,Sameday,""2026-06-08 00:00:08"""
"08-06-2026 00:00:08,627,""PT  Langit Karya Utama"",""Open API"",""BNC QRIS"",5a9f691d03794c5db860660e84c3ad11,1p84c0a84024,50000.00000000,315.30000000,Include,34.700000,49650,Success,Settled,PAYIN45443420590925834623347522,TLEaW9rYXkRQSmNcBf45j2wsgdyKCtFGx3biDuAMJPoVhZHeqpU684WQMamknedg,,Sameday,""2026-06-08 00:00:08"""
"08-06-2026 00:00:08,627,""PT  Langit Karya Utama"",""Open API"",""BNC QRIS"",6fa4a6fee81c481ca464b467aa681a0c,010000HY04QX,10000.00000000,63.10000000,Include,6.900000,9930,Success,Settled,PAYIN45443415188242843224179293,BLgySqaNe3FoYfDpcu2bKQrh6jW8tPdm7vzwZVEU95GXTRC4JnksA4WQMamnmsi7,,Sameday,""2026-06-08 00:00:08"""
"08-06-2026 00:00:08,627,""PT  Langit Karya Utama"",""Open API"",""BNC QRIS"",8d27e6cb260c41028f2d7ff91edb9796,010000HXWGG1,25000.00000000,157.70000000,Include,17.300000,24825,Success,Settled,PAYIN45443392846443732731101973,wdKLnmDCYNy53pbce4VAFJS6EoTs9XiZkQHxqzUBv2aWgthrjf78R4WQMamu9GGv,,Sameday,""2026-06-08 00:00:08"""
"08-06-2026 00:00:08,627,""PT  Langit Karya Utama"",""Open API"",""BNC QRIS"",2ac8f866669642728f18f9cb781db756,1p84b0v18488,100000.00000000,630.60000000,Include,69.400000,99300,Success,Settled,PAYIN45443399052755362936948286,vGEoTH2YUXepJdCsmD7bhMa68qFPkgS5A4LtQjKryNn9fVzwRcxBu4WQMamy7jPr,,Sameday,""2026-06-08 00:00:08"""
"08-06-2026 00:00:08,627,""PT  Langit Karya Utama"",""Open API"",""BNC QRIS"",e5de4c49d34747b6bd545e7a37f63c66,1p84b0599067,35000.00000000,220.70000000,Include,24.300000,34755,Success,Settled,PAYIN45443432556436284813304048,uaBcTsvryUjb7ZmFw8YDS3MQGePN9foEz4XJAi25RhtndpqkHKxgL4WQMan26yUV,,Sameday,""2026-06-08 00:00:08"""
"08-06-2026 00:00:08,627,""PT  Langit Karya Utama"",""Open API"",""BNC QRIS"",286a1f231c4846aa8222d6fc75558110,019510588329,60000.00000000,378.40000000,Include,41.600000,59580,Success,Settled,PAYIN45443432064024993401456127,s2rGkf7N58wDK6UVTdFXA9bLEzepRZW3gxutQacSiBMovJnhyPCmj4WQMan46DeB,,Sameday,""2026-06-08 00:00:08"""
"08-06-2026 00:00:08,627,""PT  Langit Karya Utama"",""Open API"",""BNC QRIS"",40d32ca8067445bb80ab6570616ce17b,000303770971,250000.00000000,1576.60000000,Include,173.400000,248250,Success,Settled,PAYIN45443419688731043907184368,5obvwYxQCBFuMaPnD7jrceTHJSGqWV2gyRph6im8Zf9A4zkUtKsEd4WQMan4Us2c,,Sameday,""2026-06-08 00:00:08"""
"08-06-2026 00:00:08,627,""PT  Langit Karya Utama"",""Open API"",""BNC QRIS"",d775065322794fe6a9acddbf97bc156e,29d403ff9685,100000.00000000,630.60000000,Include,69.400000,99300,Success,Settled,PAYIN45443408386340048168746692,iunVjqvbroZYdNkSG7xRycDFtEUpQWsg8JfBe62KCaA4MT5L9HX3w4WQMan5fpbk,,Sameday,""2026-06-08 00:00:08"""
"08-06-2026 00:00:08,627,""PT  Langit Karya Utama"",""Open API"",""BNC QRIS"",ed4c1fa599b9498594d067fafbb9c180,019303424834,50000.00000000,315.30000000,Include,34.700000,49650,Success,Settled,PAYIN45443429950095774279935707,LTifCS9g2QjmGaoEesdvkKHqM5nAPJbDXF6z8chpWutyUZrwRxYV34WQMan5fpZJ,,Sameday,""2026-06-08 00:00:08"""
"08-06-2026 00:00:08,627,""PT  Langit Karya Utama"",""Open API"",""BNC QRIS"",49fa7987e7444c8c972f344fdd365827,1p84b0o56635,80000.00000000,504.50000000,Include,55.500000,79440,Success,Settled,PAYIN45443383845467342663456551,aJjtqSz6Wu2MGQgX7VoprmxYNZHBiU8DEkwPCnTAhfKRLd5bvFe494WQMan84iAa,,Sameday,""2026-06-08 00:00:08"""
